chapter,concept_id,display_name,determinism_class,spec_file,parameter_name,parameter_description,parameter_type_if_available,calibration_scope,required_for_detection,missing_feed_behavior,notes
1: Read Discipline & Interpretation Method,ch01_confirmation_and_invalidation_discipline,Confirmation & Invalidation Discipline,JUDGMENT_ASSISTED,spec/detection_specs/ch01_confirmation_and_invalidation_discipline.yaml,confirmation_and_invalidation_discipline_downgrade_rule,"Rule for downgrading late, conflicted, thin, or unsupported evidence.",confidence_rule,instrument_session_timeframe_regime,REVIEW_REQUIRED,missing_calibration_parameters: INSUFFICIENT_EVIDENCE; missing_required_input: INSUFFICIENT_EVIDENCE; missing_optional_input: DEGRADED_CONFIDENCE,status=review_required; unit=confidence_rule
1: Read Discipline & Interpretation Method,ch01_confirmation_and_invalidation_discipline,Confirmation & Invalidation Discipline,JUDGMENT_ASSISTED,spec/detection_specs/ch01_confirmation_and_invalidation_discipline.yaml,confirmation_and_invalidation_discipline_evidence_weighting_protocol,Review protocol for weighing evidence families without pretending the read is deterministic.,human_review_rule,instrument_session_timeframe_regime,REVIEW_REQUIRED,missing_calibration_parameters: INSUFFICIENT_EVIDENCE; missing_required_input: INSUFFICIENT_EVIDENCE; missing_optional_input: DEGRADED_CONFIDENCE,status=review_required; unit=human_review_rule
1: Read Discipline & Interpretation Method,ch01_false_precision_and_observation_tracking,False Precision & Observation Tracking,JUDGMENT_ASSISTED,spec/detection_specs/ch01_false_precision_and_observation_tracking.yaml,false_precision_and_observation_tracking_downgrade_rule,"Rule for downgrading late, conflicted, thin, or unsupported evidence.",confidence_rule,instrument_session_timeframe_regime,REVIEW_REQUIRED,missing_calibration_parameters: INSUFFICIENT_EVIDENCE; missing_required_input: INSUFFICIENT_EVIDENCE; missing_optional_input: DEGRADED_CONFIDENCE,status=review_required; unit=confidence_rule
1: Read Discipline & Interpretation Method,ch01_false_precision_and_observation_tracking,False Precision & Observation Tracking,JUDGMENT_ASSISTED,spec/detection_specs/ch01_false_precision_and_observation_tracking.yaml,false_precision_and_observation_tracking_evidence_weighting_protocol,Review protocol for weighing evidence families without pretending the read is deterministic.,human_review_rule,instrument_session_timeframe_regime,REVIEW_REQUIRED,missing_calibration_parameters: INSUFFICIENT_EVIDENCE; missing_required_input: INSUFFICIENT_EVIDENCE; missing_optional_input: DEGRADED_CONFIDENCE,status=review_required; unit=human_review_rule
1: Read Discipline & Interpretation Method,ch01_leading_vs_coincident_signals,Leading vs. Coincident Signals,JUDGMENT_ASSISTED,spec/detection_specs/ch01_leading_vs_coincident_signals.yaml,leading_vs_coincident_signals_downgrade_rule,"Rule for downgrading late, conflicted, thin, or unsupported evidence.",confidence_rule,instrument_session_timeframe_regime,REVIEW_REQUIRED,missing_calibration_parameters: INSUFFICIENT_EVIDENCE; missing_required_input: INSUFFICIENT_EVIDENCE; missing_optional_input: DEGRADED_CONFIDENCE,status=review_required; unit=confidence_rule
1: Read Discipline & Interpretation Method,ch01_leading_vs_coincident_signals,Leading vs. Coincident Signals,JUDGMENT_ASSISTED,spec/detection_specs/ch01_leading_vs_coincident_signals.yaml,leading_vs_coincident_signals_evidence_weighting_protocol,Review protocol for weighing evidence families without pretending the read is deterministic.,human_review_rule,instrument_session_timeframe_regime,REVIEW_REQUIRED,missing_calibration_parameters: INSUFFICIENT_EVIDENCE; missing_required_input: INSUFFICIENT_EVIDENCE; missing_optional_input: DEGRADED_CONFIDENCE,status=review_required; unit=human_review_rule
1: Read Discipline & Interpretation Method,ch01_signal_conflict_taxonomy,Signal Conflict Taxonomy,JUDGMENT_ASSISTED,spec/detection_specs/ch01_signal_conflict_taxonomy.yaml,signal_conflict_taxonomy_downgrade_rule,"Rule for downgrading late, conflicted, thin, or unsupported evidence.",confidence_rule,instrument_session_timeframe_regime,REVIEW_REQUIRED,missing_calibration_parameters: INSUFFICIENT_EVIDENCE; missing_required_input: INSUFFICIENT_EVIDENCE; missing_optional_input: DEGRADED_CONFIDENCE,status=review_required; unit=confidence_rule
1: Read Discipline & Interpretation Method,ch01_signal_conflict_taxonomy,Signal Conflict Taxonomy,JUDGMENT_ASSISTED,spec/detection_specs/ch01_signal_conflict_taxonomy.yaml,signal_conflict_taxonomy_evidence_weighting_protocol,Review protocol for weighing evidence families without pretending the read is deterministic.,human_review_rule,instrument_session_timeframe_regime,REVIEW_REQUIRED,missing_calibration_parameters: INSUFFICIENT_EVIDENCE; missing_required_input: INSUFFICIENT_EVIDENCE; missing_optional_input: DEGRADED_CONFIDENCE,status=review_required; unit=human_review_rule
1: Read Discipline & Interpretation Method,ch01_tape_confirms_narrative_rule,Tape-Confirms-Narrative Rule,JUDGMENT_ASSISTED,spec/detection_specs/ch01_tape_confirms_narrative_rule.yaml,tape_confirms_narrative_rule_downgrade_rule,"Rule for downgrading late, conflicted, thin, or unsupported evidence.",confidence_rule,instrument_session_timeframe_regime,REVIEW_REQUIRED,missing_calibration_parameters: INSUFFICIENT_EVIDENCE; missing_required_input: INSUFFICIENT_EVIDENCE; missing_optional_input: DEGRADED_CONFIDENCE,status=review_required; unit=confidence_rule
1: Read Discipline & Interpretation Method,ch01_tape_confirms_narrative_rule,Tape-Confirms-Narrative Rule,JUDGMENT_ASSISTED,spec/detection_specs/ch01_tape_confirms_narrative_rule.yaml,tape_confirms_narrative_rule_evidence_weighting_protocol,Review protocol for weighing evidence families without pretending the read is deterministic.,human_review_rule,instrument_session_timeframe_regime,REVIEW_REQUIRED,missing_calibration_parameters: INSUFFICIENT_EVIDENCE; missing_required_input: INSUFFICIENT_EVIDENCE; missing_optional_input: DEGRADED_CONFIDENCE,status=review_required; unit=human_review_rule
1: Read Discipline & Interpretation Method,ch01_the_read_vs_the_touch,The Read vs. The Touch,JUDGMENT_ASSISTED,spec/detection_specs/ch01_the_read_vs_the_touch.yaml,the_read_vs_the_touch_downgrade_rule,"Rule for downgrading late, conflicted, thin, or unsupported evidence.",confidence_rule,instrument_session_timeframe_regime,REVIEW_REQUIRED,missing_calibration_parameters: INSUFFICIENT_EVIDENCE; missing_required_input: INSUFFICIENT_EVIDENCE; missing_optional_input: DEGRADED_CONFIDENCE,status=review_required; unit=confidence_rule
1: Read Discipline & Interpretation Method,ch01_the_read_vs_the_touch,The Read vs. The Touch,JUDGMENT_ASSISTED,spec/detection_specs/ch01_the_read_vs_the_touch.yaml,the_read_vs_the_touch_evidence_weighting_protocol,Review protocol for weighing evidence families without pretending the read is deterministic.,human_review_rule,instrument_session_timeframe_regime,REVIEW_REQUIRED,missing_calibration_parameters: INSUFFICIENT_EVIDENCE; missing_required_input: INSUFFICIENT_EVIDENCE; missing_optional_input: DEGRADED_CONFIDENCE,status=review_required; unit=human_review_rule
2: Level Interaction & Acceptance,ch02_acceptance_vs_rejection,Acceptance vs. Rejection,CALIBRATED,spec/detection_specs/ch02_acceptance_vs_rejection.yaml,acceptance_activity_threshold,Relative activity beyond the level required to corroborate acceptance when volume-at-price is available.,relative_volume,instrument_session_timeframe_regime,YES,"missing_calibration_parameters: INSUFFICIENT_EVIDENCE: without calibrated dwell, buffer, and activity parameters the rule structure cannot be evaluated; the spec must not substitute universal default values.; missing_required_input: REFUSE_TO_CLASSIFY",status=calibration_required; unit=relative_volume
2: Level Interaction & Acceptance,ch02_acceptance_vs_rejection,Acceptance vs. Rejection,CALIBRATED,spec/detection_specs/ch02_acceptance_vs_rejection.yaml,acceptance_dwell_time,Minimum time price must hold beyond the level buffer to be considered accepted.,duration,instrument_session_timeframe_regime,YES,"missing_calibration_parameters: INSUFFICIENT_EVIDENCE: without calibrated dwell, buffer, and activity parameters the rule structure cannot be evaluated; the spec must not substitute universal default values.; missing_required_input: REFUSE_TO_CLASSIFY",status=calibration_required; unit=duration
2: Level Interaction & Acceptance,ch02_acceptance_vs_rejection,Acceptance vs. Rejection,CALIBRATED,spec/detection_specs/ch02_acceptance_vs_rejection.yaml,failed_acceptance_window,Window after an apparent acceptance within which a return back through the level is classified as failed acceptance.,duration,instrument_session_timeframe_regime,YES,"missing_calibration_parameters: INSUFFICIENT_EVIDENCE: without calibrated dwell, buffer, and activity parameters the rule structure cannot be evaluated; the spec must not substitute universal default values.; missing_required_input: REFUSE_TO_CLASSIFY",status=calibration_required; unit=duration
2: Level Interaction & Acceptance,ch02_acceptance_vs_rejection,Acceptance vs. Rejection,CALIBRATED,spec/detection_specs/ch02_acceptance_vs_rejection.yaml,level_buffer,Distance beyond the level price must clear before holding counts as beyond the level rather than at it.,price_distance_ticks_or_atr_fraction,instrument_session_timeframe_regime,YES,"missing_calibration_parameters: INSUFFICIENT_EVIDENCE: without calibrated dwell, buffer, and activity parameters the rule structure cannot be evaluated; the spec must not substitute universal default values.; missing_required_input: REFUSE_TO_CLASSIFY",status=calibration_required; unit=price_distance_ticks_or_atr_fraction
2: Level Interaction & Acceptance,ch02_acceptance_vs_rejection,Acceptance vs. Rejection,CALIBRATED,spec/detection_specs/ch02_acceptance_vs_rejection.yaml,rejection_return_speed,Speed of return through the level used to distinguish a clean rejection from slow drift.,duration_or_velocity,instrument_session_timeframe_regime,YES,"missing_calibration_parameters: INSUFFICIENT_EVIDENCE: without calibrated dwell, buffer, and activity parameters the rule structure cannot be evaluated; the spec must not substitute universal default values.; missing_required_input: REFUSE_TO_CLASSIFY",status=calibration_required; unit=duration_or_velocity
2: Level Interaction & Acceptance,ch02_break_quality,Break Quality,CALIBRATED,spec/detection_specs/ch02_break_quality.yaml,break_quality_classification_requirement,Calibrated evidence requirement for Break Quality.,relative_or_sequence_measure,instrument_session_timeframe_regime,YES,missing_calibration_parameters: INSUFFICIENT_EVIDENCE; missing_required_input: REFUSE_TO_CLASSIFY; missing_optional_input: DEGRADED_CONFIDENCE,status=calibration_required; unit=relative_or_sequence_measure
2: Level Interaction & Acceptance,ch02_break_quality,Break Quality,CALIBRATED,spec/detection_specs/ch02_break_quality.yaml,break_quality_confirmation_window,"Review window for confirmation, failure, downgrade, or refusal behavior.",duration_or_bars,instrument_session_timeframe_regime,YES,missing_calibration_parameters: INSUFFICIENT_EVIDENCE; missing_required_input: REFUSE_TO_CLASSIFY; missing_optional_input: DEGRADED_CONFIDENCE,status=calibration_required; unit=duration_or_bars
2: Level Interaction & Acceptance,ch02_break_quality,Break Quality,CALIBRATED,spec/detection_specs/ch02_break_quality.yaml,break_quality_conflict_downgrade_rule,Rule for downgrading when required and optional evidence conflict.,evidence_conflict_rule,instrument_session_timeframe_regime,YES,missing_calibration_parameters: INSUFFICIENT_EVIDENCE; missing_required_input: REFUSE_TO_CLASSIFY; missing_optional_input: DEGRADED_CONFIDENCE,status=calibration_required; unit=evidence_conflict_rule
2: Level Interaction & Acceptance,ch02_breakout_continuation_vs_breakout_failure,Breakout Continuation vs. Breakout Failure,CALIBRATED,spec/detection_specs/ch02_breakout_continuation_vs_breakout_failure.yaml,break_clear_buffer,"break_clear_buffer parameter; value must be supplied by later calibration or method configuration, not P16.",configured,instrument_session_timeframe_regime,YES,missing_calibration_parameters: INSUFFICIENT_EVIDENCE; missing_required_input: REFUSE_TO_CLASSIFY; missing_optional_input: DEGRADED_CONFIDENCE,status=calibration_required; unit=configured
2: Level Interaction & Acceptance,ch02_breakout_continuation_vs_breakout_failure,Breakout Continuation vs. Breakout Failure,CALIBRATED,spec/detection_specs/ch02_breakout_continuation_vs_breakout_failure.yaml,extension_requirement,"extension_requirement parameter; value must be supplied by later calibration or method configuration, not P16.",configured,instrument_session_timeframe_regime,YES,missing_calibration_parameters: INSUFFICIENT_EVIDENCE; missing_required_input: REFUSE_TO_CLASSIFY; missing_optional_input: DEGRADED_CONFIDENCE,status=calibration_required; unit=configured
2: Level Interaction & Acceptance,ch02_breakout_continuation_vs_breakout_failure,Breakout Continuation vs. Breakout Failure,CALIBRATED,spec/detection_specs/ch02_breakout_continuation_vs_breakout_failure.yaml,failure_return_window,"failure_return_window parameter; value must be supplied by later calibration or method configuration, not P16.",configured,instrument_session_timeframe_regime,YES,missing_calibration_parameters: INSUFFICIENT_EVIDENCE; missing_required_input: REFUSE_TO_CLASSIFY; missing_optional_input: DEGRADED_CONFIDENCE,status=calibration_required; unit=configured
2: Level Interaction & Acceptance,ch02_breakout_continuation_vs_breakout_failure,Breakout Continuation vs. Breakout Failure,CALIBRATED,spec/detection_specs/ch02_breakout_continuation_vs_breakout_failure.yaml,follow_through_window,"follow_through_window parameter; value must be supplied by later calibration or method configuration, not P16.",configured,instrument_session_timeframe_regime,YES,missing_calibration_parameters: INSUFFICIENT_EVIDENCE; missing_required_input: REFUSE_TO_CLASSIFY; missing_optional_input: DEGRADED_CONFIDENCE,status=calibration_required; unit=configured
2: Level Interaction & Acceptance,ch02_breakout_continuation_vs_breakout_failure,Breakout Continuation vs. Breakout Failure,CALIBRATED,spec/detection_specs/ch02_breakout_continuation_vs_breakout_failure.yaml,retest_hold_window,"retest_hold_window parameter; value must be supplied by later calibration or method configuration, not P16.",configured,instrument_session_timeframe_regime,YES,missing_calibration_parameters: INSUFFICIENT_EVIDENCE; missing_required_input: REFUSE_TO_CLASSIFY; missing_optional_input: DEGRADED_CONFIDENCE,status=calibration_required; unit=configured
2: Level Interaction & Acceptance,ch02_level_magnetism_and_decay,Level Magnetism & Decay,CALIBRATED,spec/detection_specs/ch02_level_magnetism_and_decay.yaml,level_magnetism_and_decay_classification_requirement,Calibrated evidence requirement for Level Magnetism & Decay.,relative_or_sequence_measure,instrument_session_timeframe_regime,YES,missing_calibration_parameters: INSUFFICIENT_EVIDENCE; missing_required_input: REFUSE_TO_CLASSIFY; missing_optional_input: DEGRADED_CONFIDENCE,status=calibration_required; unit=relative_or_sequence_measure
2: Level Interaction & Acceptance,ch02_level_magnetism_and_decay,Level Magnetism & Decay,CALIBRATED,spec/detection_specs/ch02_level_magnetism_and_decay.yaml,level_magnetism_and_decay_confirmation_window,"Review window for confirmation, failure, downgrade, or refusal behavior.",duration_or_bars,instrument_session_timeframe_regime,YES,missing_calibration_parameters: INSUFFICIENT_EVIDENCE; missing_required_input: REFUSE_TO_CLASSIFY; missing_optional_input: DEGRADED_CONFIDENCE,status=calibration_required; unit=duration_or_bars
2: Level Interaction & Acceptance,ch02_level_magnetism_and_decay,Level Magnetism & Decay,CALIBRATED,spec/detection_specs/ch02_level_magnetism_and_decay.yaml,level_magnetism_and_decay_conflict_downgrade_rule,Rule for downgrading when required and optional evidence conflict.,evidence_conflict_rule,instrument_session_timeframe_regime,YES,missing_calibration_parameters: INSUFFICIENT_EVIDENCE; missing_required_input: REFUSE_TO_CLASSIFY; missing_optional_input: DEGRADED_CONFIDENCE,status=calibration_required; unit=evidence_conflict_rule
2: Level Interaction & Acceptance,ch02_level_test_sequence,Level Test Sequence,CALIBRATED,spec/detection_specs/ch02_level_test_sequence.yaml,decay_review_count_policy,"decay_review_count_policy parameter; value must be supplied by later calibration or method configuration, not P16.",configured,instrument_session_timeframe_regime,YES,missing_calibration_parameters: INSUFFICIENT_EVIDENCE; missing_required_input: REFUSE_TO_CLASSIFY; missing_optional_input: DEGRADED_CONFIDENCE,status=calibration_required; unit=configured
2: Level Interaction & Acceptance,ch02_level_test_sequence,Level Test Sequence,CALIBRATED,spec/detection_specs/ch02_level_test_sequence.yaml,level_buffer,"level_buffer parameter; value must be supplied by later calibration or method configuration, not P16.",configured,instrument_session_timeframe_regime,YES,missing_calibration_parameters: INSUFFICIENT_EVIDENCE; missing_required_input: REFUSE_TO_CLASSIFY; missing_optional_input: DEGRADED_CONFIDENCE,status=calibration_required; unit=configured
2: Level Interaction & Acceptance,ch02_level_test_sequence,Level Test Sequence,CALIBRATED,spec/detection_specs/ch02_level_test_sequence.yaml,reaction_quality_requirement,"reaction_quality_requirement parameter; value must be supplied by later calibration or method configuration, not P16.",configured,instrument_session_timeframe_regime,YES,missing_calibration_parameters: INSUFFICIENT_EVIDENCE; missing_required_input: REFUSE_TO_CLASSIFY; missing_optional_input: DEGRADED_CONFIDENCE,status=calibration_required; unit=configured
2: Level Interaction & Acceptance,ch02_level_test_sequence,Level Test Sequence,CALIBRATED,spec/detection_specs/ch02_level_test_sequence.yaml,test_identification_window,"test_identification_window parameter; value must be supplied by later calibration or method configuration, not P16.",configured,instrument_session_timeframe_regime,YES,missing_calibration_parameters: INSUFFICIENT_EVIDENCE; missing_required_input: REFUSE_TO_CLASSIFY; missing_optional_input: DEGRADED_CONFIDENCE,status=calibration_required; unit=configured
2: Level Interaction & Acceptance,ch02_level_test_sequence,Level Test Sequence,CALIBRATED,spec/detection_specs/ch02_level_test_sequence.yaml,test_separation_requirement,"test_separation_requirement parameter; value must be supplied by later calibration or method configuration, not P16.",configured,instrument_session_timeframe_regime,YES,missing_calibration_parameters: INSUFFICIENT_EVIDENCE; missing_required_input: REFUSE_TO_CLASSIFY; missing_optional_input: DEGRADED_CONFIDENCE,status=calibration_required; unit=configured
2: Level Interaction & Acceptance,ch02_liquidity_sweep_vs_real_break,Liquidity Sweep vs. Real Break,CALIBRATED,spec/detection_specs/ch02_liquidity_sweep_vs_real_break.yaml,continuation_requirement,"continuation_requirement parameter; value must be supplied by later calibration or method configuration, not P16.",configured,instrument_session_timeframe_regime,YES,missing_calibration_parameters: INSUFFICIENT_EVIDENCE; missing_required_input: REFUSE_TO_CLASSIFY; missing_optional_input: DEGRADED_CONFIDENCE,status=calibration_required; unit=configured
2: Level Interaction & Acceptance,ch02_liquidity_sweep_vs_real_break,Liquidity Sweep vs. Real Break,CALIBRATED,spec/detection_specs/ch02_liquidity_sweep_vs_real_break.yaml,hold_beyond_level_window,"hold_beyond_level_window parameter; value must be supplied by later calibration or method configuration, not P16.",configured,instrument_session_timeframe_regime,YES,missing_calibration_parameters: INSUFFICIENT_EVIDENCE; missing_required_input: REFUSE_TO_CLASSIFY; missing_optional_input: DEGRADED_CONFIDENCE,status=calibration_required; unit=configured
2: Level Interaction & Acceptance,ch02_liquidity_sweep_vs_real_break,Liquidity Sweep vs. Real Break,CALIBRATED,spec/detection_specs/ch02_liquidity_sweep_vs_real_break.yaml,probe_velocity_requirement,"probe_velocity_requirement parameter; value must be supplied by later calibration or method configuration, not P16.",configured,instrument_session_timeframe_regime,YES,missing_calibration_parameters: INSUFFICIENT_EVIDENCE; missing_required_input: REFUSE_TO_CLASSIFY; missing_optional_input: DEGRADED_CONFIDENCE,status=calibration_required; unit=configured
2: Level Interaction & Acceptance,ch02_liquidity_sweep_vs_real_break,Liquidity Sweep vs. Real Break,CALIBRATED,spec/detection_specs/ch02_liquidity_sweep_vs_real_break.yaml,reclaim_window,"reclaim_window parameter; value must be supplied by later calibration or method configuration, not P16.",configured,instrument_session_timeframe_regime,YES,missing_calibration_parameters: INSUFFICIENT_EVIDENCE; missing_required_input: REFUSE_TO_CLASSIFY; missing_optional_input: DEGRADED_CONFIDENCE,status=calibration_required; unit=configured
2: Level Interaction & Acceptance,ch02_liquidity_sweep_vs_real_break,Liquidity Sweep vs. Real Break,CALIBRATED,spec/detection_specs/ch02_liquidity_sweep_vs_real_break.yaml,sweep_probe_distance,"sweep_probe_distance parameter; value must be supplied by later calibration or method configuration, not P16.",configured,instrument_session_timeframe_regime,YES,missing_calibration_parameters: INSUFFICIENT_EVIDENCE; missing_required_input: REFUSE_TO_CLASSIFY; missing_optional_input: DEGRADED_CONFIDENCE,status=calibration_required; unit=configured
2: Level Interaction & Acceptance,ch02_mechanical_levels_and_obvious_traps,Mechanical Levels & Obvious Traps,JUDGMENT_ASSISTED,spec/detection_specs/ch02_mechanical_levels_and_obvious_traps.yaml,mechanical_levels_and_obvious_traps_downgrade_rule,"Rule for downgrading late, conflicted, thin, or unsupported evidence.",confidence_rule,instrument_session_timeframe_regime,REVIEW_REQUIRED,missing_calibration_parameters: INSUFFICIENT_EVIDENCE; missing_required_input: INSUFFICIENT_EVIDENCE; missing_optional_input: DEGRADED_CONFIDENCE,status=review_required; unit=confidence_rule
2: Level Interaction & Acceptance,ch02_mechanical_levels_and_obvious_traps,Mechanical Levels & Obvious Traps,JUDGMENT_ASSISTED,spec/detection_specs/ch02_mechanical_levels_and_obvious_traps.yaml,mechanical_levels_and_obvious_traps_evidence_weighting_protocol,Review protocol for weighing evidence families without pretending the read is deterministic.,human_review_rule,instrument_session_timeframe_regime,REVIEW_REQUIRED,missing_calibration_parameters: INSUFFICIENT_EVIDENCE; missing_required_input: INSUFFICIENT_EVIDENCE; missing_optional_input: DEGRADED_CONFIDENCE,status=review_required; unit=human_review_rule
2: Level Interaction & Acceptance,ch02_polarity_flip,Polarity Flip,CALIBRATED,spec/detection_specs/ch02_polarity_flip.yaml,accepted_break_requirement,"accepted_break_requirement parameter; value must be supplied by later calibration or method configuration, not P16.",configured,instrument_session_timeframe_regime,YES,missing_calibration_parameters: INSUFFICIENT_EVIDENCE; missing_required_input: REFUSE_TO_CLASSIFY; missing_optional_input: DEGRADED_CONFIDENCE,status=calibration_required; unit=configured
2: Level Interaction & Acceptance,ch02_polarity_flip,Polarity Flip,CALIBRATED,spec/detection_specs/ch02_polarity_flip.yaml,flip_failure_return_window,"flip_failure_return_window parameter; value must be supplied by later calibration or method configuration, not P16.",configured,instrument_session_timeframe_regime,YES,missing_calibration_parameters: INSUFFICIENT_EVIDENCE; missing_required_input: REFUSE_TO_CLASSIFY; missing_optional_input: DEGRADED_CONFIDENCE,status=calibration_required; unit=configured
2: Level Interaction & Acceptance,ch02_polarity_flip,Polarity Flip,CALIBRATED,spec/detection_specs/ch02_polarity_flip.yaml,hold_or_reject_requirement,"hold_or_reject_requirement parameter; value must be supplied by later calibration or method configuration, not P16.",configured,instrument_session_timeframe_regime,YES,missing_calibration_parameters: INSUFFICIENT_EVIDENCE; missing_required_input: REFUSE_TO_CLASSIFY; missing_optional_input: DEGRADED_CONFIDENCE,status=calibration_required; unit=configured
2: Level Interaction & Acceptance,ch02_polarity_flip,Polarity Flip,CALIBRATED,spec/detection_specs/ch02_polarity_flip.yaml,level_buffer,"level_buffer parameter; value must be supplied by later calibration or method configuration, not P16.",configured,instrument_session_timeframe_regime,YES,missing_calibration_parameters: INSUFFICIENT_EVIDENCE; missing_required_input: REFUSE_TO_CLASSIFY; missing_optional_input: DEGRADED_CONFIDENCE,status=calibration_required; unit=configured
2: Level Interaction & Acceptance,ch02_polarity_flip,Polarity Flip,CALIBRATED,spec/detection_specs/ch02_polarity_flip.yaml,retest_window,"retest_window parameter; value must be supplied by later calibration or method configuration, not P16.",configured,instrument_session_timeframe_regime,YES,missing_calibration_parameters: INSUFFICIENT_EVIDENCE; missing_required_input: REFUSE_TO_CLASSIFY; missing_optional_input: DEGRADED_CONFIDENCE,status=calibration_required; unit=configured
2: Level Interaction & Acceptance,ch02_structural_reference_levels,Structural Reference Levels,COMPUTABLE,spec/detection_specs/ch02_structural_reference_levels.yaml,ib_window_definition,Session convention used only to locate the Initial Balance reference; defined by the Initial Balance spec.,,"Inherited from ch03_initial_balance; product/session convention, not a calibrated market threshold.",YES,missing_required_input: REFUSE_TO_CLASSIFY,status=convention_inherited; source_spec_declares_value; inventory_omits_values
2: Level Interaction & Acceptance,ch02_structural_reference_levels,Structural Reference Levels,COMPUTABLE,spec/detection_specs/ch02_structural_reference_levels.yaml,swing_pivot_rule,"The swing-pivot identification rule is an external structural-reference definition, not a market threshold; values are out of scope here.",,instrument_timeframe,YES,missing_required_input: REFUSE_TO_CLASSIFY,status=external_definition_required
3: Auction & Market Profile,ch03_auction_acceptance_vs_rejection,Auction Acceptance vs. Rejection,CALIBRATED,spec/detection_specs/ch03_auction_acceptance_vs_rejection.yaml,accepted_tpo_development_requirement,Profile-development requirement for accepted auction-area trade.,profile_period_count_or_relative_tpo_density,instrument_session_timeframe_regime,YES,"missing_calibration_parameters: INSUFFICIENT_EVIDENCE: profile-aware rule structure cannot be evaluated without calibrated dwell, development, and rejection parameters.; missing_required_input: REFUSE_TO_CLASSIFY",status=calibration_required; unit=profile_period_count_or_relative_tpo_density
3: Auction & Market Profile,ch03_auction_acceptance_vs_rejection,Auction Acceptance vs. Rejection,CALIBRATED,spec/detection_specs/ch03_auction_acceptance_vs_rejection.yaml,accepted_volume_development_requirement,Volume-at-price development requirement when volume profile is the selected profile method.,relative_volume_at_price_density,instrument_session_timeframe_regime,YES,"missing_calibration_parameters: INSUFFICIENT_EVIDENCE: profile-aware rule structure cannot be evaluated without calibrated dwell, development, and rejection parameters.; missing_required_input: REFUSE_TO_CLASSIFY",status=calibration_required; unit=relative_volume_at_price_density
3: Auction & Market Profile,ch03_auction_acceptance_vs_rejection,Auction Acceptance vs. Rejection,CALIBRATED,spec/detection_specs/ch03_auction_acceptance_vs_rejection.yaml,auction_extension_buffer,Minimum excursion beyond the auction reference area before an extension is considered for classification.,price_distance_ticks_or_profile_increment,instrument_session_timeframe_regime,YES,"missing_calibration_parameters: INSUFFICIENT_EVIDENCE: profile-aware rule structure cannot be evaluated without calibrated dwell, development, and rejection parameters.; missing_required_input: REFUSE_TO_CLASSIFY",status=calibration_required; unit=price_distance_ticks_or_profile_increment
3: Auction & Market Profile,ch03_auction_acceptance_vs_rejection,Auction Acceptance vs. Rejection,CALIBRATED,spec/detection_specs/ch03_auction_acceptance_vs_rejection.yaml,profile_development_window,Observation window in which TPO/time development must appear.,duration_or_profile_periods,instrument_session_timeframe_regime,YES,"missing_calibration_parameters: INSUFFICIENT_EVIDENCE: profile-aware rule structure cannot be evaluated without calibrated dwell, development, and rejection parameters.; missing_required_input: REFUSE_TO_CLASSIFY",status=calibration_required; unit=duration_or_profile_periods
3: Auction & Market Profile,ch03_auction_acceptance_vs_rejection,Auction Acceptance vs. Rejection,CALIBRATED,spec/detection_specs/ch03_auction_acceptance_vs_rejection.yaml,rejection_return_window,Window in which return toward the prior accepted area qualifies as rejection.,duration_or_profile_periods,instrument_session_timeframe_regime,YES,"missing_calibration_parameters: INSUFFICIENT_EVIDENCE: profile-aware rule structure cannot be evaluated without calibrated dwell, development, and rejection parameters.; missing_required_input: REFUSE_TO_CLASSIFY",status=calibration_required; unit=duration_or_profile_periods
3: Auction & Market Profile,ch03_auction_acceptance_vs_rejection,Auction Acceptance vs. Rejection,CALIBRATED,spec/detection_specs/ch03_auction_acceptance_vs_rejection.yaml,single_print_rejection_requirement,Single-print or thin-structure criteria used as rejection confirmation where TPO data exists.,tpo_structure,instrument_session_timeframe_regime,YES,"missing_calibration_parameters: INSUFFICIENT_EVIDENCE: profile-aware rule structure cannot be evaluated without calibrated dwell, development, and rejection parameters.; missing_required_input: REFUSE_TO_CLASSIFY",status=calibration_required; unit=tpo_structure
3: Auction & Market Profile,ch03_completed_failed_and_unfinished_auctions,"Completed, Failed & Unfinished Auctions",CALIBRATED,spec/detection_specs/ch03_completed_failed_and_unfinished_auctions.yaml,excess_tail_requirement,Calibrated profile structure required for completed auction/excess.,tpo_structure,instrument_session_timeframe_regime,YES,missing_calibration_parameters: INSUFFICIENT_EVIDENCE; missing_required_input: REFUSE_TO_CLASSIFY; missing_optional_input: DEGRADED_CONFIDENCE,status=calibration_required; unit=tpo_structure
3: Auction & Market Profile,ch03_completed_failed_and_unfinished_auctions,"Completed, Failed & Unfinished Auctions",CALIBRATED,spec/detection_specs/ch03_completed_failed_and_unfinished_auctions.yaml,failed_auction_reclaim_window,Window for break and return through auction reference.,duration_or_bars,instrument_session_timeframe_regime,YES,missing_calibration_parameters: INSUFFICIENT_EVIDENCE; missing_required_input: REFUSE_TO_CLASSIFY; missing_optional_input: DEGRADED_CONFIDENCE,status=calibration_required; unit=duration_or_bars
3: Auction & Market Profile,ch03_completed_failed_and_unfinished_auctions,"Completed, Failed & Unfinished Auctions",CALIBRATED,spec/detection_specs/ch03_completed_failed_and_unfinished_auctions.yaml,poor_extreme_requirement,Calibrated flat or weak extreme criteria.,tpo_structure,instrument_session_timeframe_regime,YES,missing_calibration_parameters: INSUFFICIENT_EVIDENCE; missing_required_input: REFUSE_TO_CLASSIFY; missing_optional_input: DEGRADED_CONFIDENCE,status=calibration_required; unit=tpo_structure
3: Auction & Market Profile,ch03_completed_failed_and_unfinished_auctions,"Completed, Failed & Unfinished Auctions",CALIBRATED,spec/detection_specs/ch03_completed_failed_and_unfinished_auctions.yaml,unfinished_revisit_requirement,Behavior that confirms attention back to unfinished structure.,sequence_rule,instrument_session_timeframe_regime,YES,missing_calibration_parameters: INSUFFICIENT_EVIDENCE; missing_required_input: REFUSE_TO_CLASSIFY; missing_optional_input: DEGRADED_CONFIDENCE,status=calibration_required; unit=sequence_rule
3: Auction & Market Profile,ch03_excess_vs_poor_highs_lows,Excess vs. Poor Highs/Lows,CALIBRATED,spec/detection_specs/ch03_excess_vs_poor_highs_lows.yaml,extreme_quality_window,"extreme_quality_window parameter; value must be supplied by later calibration or method configuration, not P16.",configured,instrument_session_timeframe_regime,YES,missing_calibration_parameters: INSUFFICIENT_EVIDENCE; missing_required_input: REFUSE_TO_CLASSIFY; missing_optional_input: DEGRADED_CONFIDENCE,status=calibration_required; unit=configured
3: Auction & Market Profile,ch03_excess_vs_poor_highs_lows,Excess vs. Poor Highs/Lows,CALIBRATED,spec/detection_specs/ch03_excess_vs_poor_highs_lows.yaml,poor_extreme_repetition_requirement,"poor_extreme_repetition_requirement parameter; value must be supplied by later calibration or method configuration, not P16.",configured,instrument_session_timeframe_regime,YES,missing_calibration_parameters: INSUFFICIENT_EVIDENCE; missing_required_input: REFUSE_TO_CLASSIFY; missing_optional_input: DEGRADED_CONFIDENCE,status=calibration_required; unit=configured
3: Auction & Market Profile,ch03_excess_vs_poor_highs_lows,Excess vs. Poor Highs/Lows,CALIBRATED,spec/detection_specs/ch03_excess_vs_poor_highs_lows.yaml,rejection_speed_requirement,"rejection_speed_requirement parameter; value must be supplied by later calibration or method configuration, not P16.",configured,instrument_session_timeframe_regime,YES,missing_calibration_parameters: INSUFFICIENT_EVIDENCE; missing_required_input: REFUSE_TO_CLASSIFY; missing_optional_input: DEGRADED_CONFIDENCE,status=calibration_required; unit=configured
3: Auction & Market Profile,ch03_excess_vs_poor_highs_lows,Excess vs. Poor Highs/Lows,CALIBRATED,spec/detection_specs/ch03_excess_vs_poor_highs_lows.yaml,single_print_tail_requirement,"single_print_tail_requirement parameter; value must be supplied by later calibration or method configuration, not P16.",configured,instrument_session_timeframe_regime,YES,missing_calibration_parameters: INSUFFICIENT_EVIDENCE; missing_required_input: REFUSE_TO_CLASSIFY; missing_optional_input: DEGRADED_CONFIDENCE,status=calibration_required; unit=configured
3: Auction & Market Profile,ch03_fresh_flow_vs_weak_strong_hands,Fresh Flow vs. Weak/Strong Hands,JUDGMENT_ASSISTED,spec/detection_specs/ch03_fresh_flow_vs_weak_strong_hands.yaml,fresh_flow_acceptance_requirement,Evidence required for accepted new participation.,sequence_rule,instrument_session_timeframe_regime,YES,missing_calibration_parameters: INSUFFICIENT_EVIDENCE; missing_required_input: INSUFFICIENT_EVIDENCE; missing_optional_input: DEGRADED_CONFIDENCE,status=calibration_required; unit=sequence_rule
3: Auction & Market Profile,ch03_fresh_flow_vs_weak_strong_hands,Fresh Flow vs. Weak/Strong Hands,JUDGMENT_ASSISTED,spec/detection_specs/ch03_fresh_flow_vs_weak_strong_hands.yaml,strong_hand_defense_requirement,Retest/defense evidence required for strong-hand context.,sequence_rule,instrument_session_timeframe_regime,YES,missing_calibration_parameters: INSUFFICIENT_EVIDENCE; missing_required_input: INSUFFICIENT_EVIDENCE; missing_optional_input: DEGRADED_CONFIDENCE,status=calibration_required; unit=sequence_rule
3: Auction & Market Profile,ch03_fresh_flow_vs_weak_strong_hands,Fresh Flow vs. Weak/Strong Hands,JUDGMENT_ASSISTED,spec/detection_specs/ch03_fresh_flow_vs_weak_strong_hands.yaml,weak_hand_location_requirement,Location and failure evidence required for weak-hand context.,location_rule,instrument_session_timeframe_regime,YES,missing_calibration_parameters: INSUFFICIENT_EVIDENCE; missing_required_input: INSUFFICIENT_EVIDENCE; missing_optional_input: DEGRADED_CONFIDENCE,status=calibration_required; unit=location_rule
3: Auction & Market Profile,ch03_initial_balance,Initial Balance,COMPUTABLE,spec/detection_specs/ch03_initial_balance.yaml,ib_width_lookback,Number of prior sessions forming the historical IB-width distribution.,,instrument_session,YES,missing_required_input: REFUSE_TO_CLASSIFY,status=calibration_required
3: Auction & Market Profile,ch03_initial_balance,Initial Balance,COMPUTABLE,spec/detection_specs/ch03_initial_balance.yaml,ib_width_narrow_percentile,Percentile of the historical IB-width distribution below which an IB is labeled narrow.,,instrument_session_regime,YES,missing_required_input: REFUSE_TO_CLASSIFY,status=calibration_required
3: Auction & Market Profile,ch03_initial_balance,Initial Balance,COMPUTABLE,spec/detection_specs/ch03_initial_balance.yaml,ib_width_wide_percentile,Percentile of the historical IB-width distribution above which an IB is labeled wide.,,instrument_session_regime,YES,missing_required_input: REFUSE_TO_CLASSIFY,status=calibration_required
3: Auction & Market Profile,ch03_initial_balance,Initial Balance,COMPUTABLE,spec/detection_specs/ch03_initial_balance.yaml,ib_window_duration,"Standard Market Profile convention for the Initial Balance window. Stated as the conventional default because it is a definitional session convention, not an empirical market threshold; a product or session that uses a different convention must override it in a calibration profile.",,instrument_session,YES,missing_required_input: REFUSE_TO_CLASSIFY,status=convention_default; source_spec_declares_value; inventory_omits_values
3: Auction & Market Profile,ch03_initiative_vs_responsive_activity,Initiative vs. Responsive Activity,JUDGMENT_ASSISTED,spec/detection_specs/ch03_initiative_vs_responsive_activity.yaml,mixed_activity_conflict_rule,Conflict rule for initiative/responsive evidence disagreement.,evidence_conflict_rule,instrument_session_timeframe_regime,YES,missing_calibration_parameters: INSUFFICIENT_EVIDENCE; missing_required_input: INSUFFICIENT_EVIDENCE; missing_optional_input: DEGRADED_CONFIDENCE,status=calibration_required; unit=evidence_conflict_rule
3: Auction & Market Profile,ch03_initiative_vs_responsive_activity,Initiative vs. Responsive Activity,JUDGMENT_ASSISTED,spec/detection_specs/ch03_initiative_vs_responsive_activity.yaml,responsive_defense_requirement,Behavior required to treat activity outside value as responsive defense.,sequence_rule,instrument_session_timeframe_regime,YES,missing_calibration_parameters: INSUFFICIENT_EVIDENCE; missing_required_input: INSUFFICIENT_EVIDENCE; missing_optional_input: DEGRADED_CONFIDENCE,status=calibration_required; unit=sequence_rule
3: Auction & Market Profile,ch03_initiative_vs_responsive_activity,Initiative vs. Responsive Activity,JUDGMENT_ASSISTED,spec/detection_specs/ch03_initiative_vs_responsive_activity.yaml,value_acceptance_requirement,Behavior required to treat activity outside value as accepted initiative.,sequence_rule,instrument_session_timeframe_regime,YES,missing_calibration_parameters: INSUFFICIENT_EVIDENCE; missing_required_input: INSUFFICIENT_EVIDENCE; missing_optional_input: DEGRADED_CONFIDENCE,status=calibration_required; unit=sequence_rule
3: Auction & Market Profile,ch03_overnight_inventory_and_inventory_correction,Overnight Inventory & Inventory Correction,JUDGMENT_ASSISTED,spec/detection_specs/ch03_overnight_inventory_and_inventory_correction.yaml,inventory_correction_window,Early RTH window for correction evidence.,duration_or_bars,instrument_session_timeframe_regime,YES,missing_calibration_parameters: INSUFFICIENT_EVIDENCE; missing_required_input: INSUFFICIENT_EVIDENCE; missing_optional_input: DEGRADED_CONFIDENCE,status=calibration_required; unit=duration_or_bars
3: Auction & Market Profile,ch03_overnight_inventory_and_inventory_correction,Overnight Inventory & Inventory Correction,JUDGMENT_ASSISTED,spec/detection_specs/ch03_overnight_inventory_and_inventory_correction.yaml,overnight_directionality_requirement,Condition for lopsided overnight directional inventory context.,relative_directional_measure,instrument_session_timeframe_regime,YES,missing_calibration_parameters: INSUFFICIENT_EVIDENCE; missing_required_input: INSUFFICIENT_EVIDENCE; missing_optional_input: DEGRADED_CONFIDENCE,status=calibration_required; unit=relative_directional_measure
3: Auction & Market Profile,ch03_overnight_inventory_and_inventory_correction,Overnight Inventory & Inventory Correction,JUDGMENT_ASSISTED,spec/detection_specs/ch03_overnight_inventory_and_inventory_correction.yaml,rth_open_location_requirement,Open-location criteria relative to overnight and prior RTH references.,location_rule,instrument_session_timeframe_regime,YES,missing_calibration_parameters: INSUFFICIENT_EVIDENCE; missing_required_input: INSUFFICIENT_EVIDENCE; missing_optional_input: DEGRADED_CONFIDENCE,status=calibration_required; unit=location_rule
3: Auction & Market Profile,ch03_price_outside_value_acceptance_test,Price Outside Value / Acceptance Test,CALIBRATED,spec/detection_specs/ch03_price_outside_value_acceptance_test.yaml,acceptance_development_requirement,"acceptance_development_requirement parameter; value must be supplied by later calibration or method configuration, not P16.",configured,instrument_session_timeframe_regime,YES,missing_calibration_parameters: INSUFFICIENT_EVIDENCE; missing_required_input: REFUSE_TO_CLASSIFY; missing_optional_input: DEGRADED_CONFIDENCE,status=calibration_required; unit=configured
3: Auction & Market Profile,ch03_price_outside_value_acceptance_test,Price Outside Value / Acceptance Test,CALIBRATED,spec/detection_specs/ch03_price_outside_value_acceptance_test.yaml,outside_value_buffer,"outside_value_buffer parameter; value must be supplied by later calibration or method configuration, not P16.",configured,instrument_session_timeframe_regime,YES,missing_calibration_parameters: INSUFFICIENT_EVIDENCE; missing_required_input: REFUSE_TO_CLASSIFY; missing_optional_input: DEGRADED_CONFIDENCE,status=calibration_required; unit=configured
3: Auction & Market Profile,ch03_price_outside_value_acceptance_test,Price Outside Value / Acceptance Test,CALIBRATED,spec/detection_specs/ch03_price_outside_value_acceptance_test.yaml,outside_value_development_window,"outside_value_development_window parameter; value must be supplied by later calibration or method configuration, not P16.",configured,instrument_session_timeframe_regime,YES,missing_calibration_parameters: INSUFFICIENT_EVIDENCE; missing_required_input: REFUSE_TO_CLASSIFY; missing_optional_input: DEGRADED_CONFIDENCE,status=calibration_required; unit=configured
3: Auction & Market Profile,ch03_price_outside_value_acceptance_test,Price Outside Value / Acceptance Test,CALIBRATED,spec/detection_specs/ch03_price_outside_value_acceptance_test.yaml,return_inside_window,"return_inside_window parameter; value must be supplied by later calibration or method configuration, not P16.",configured,instrument_session_timeframe_regime,YES,missing_calibration_parameters: INSUFFICIENT_EVIDENCE; missing_required_input: REFUSE_TO_CLASSIFY; missing_optional_input: DEGRADED_CONFIDENCE,status=calibration_required; unit=configured
3: Auction & Market Profile,ch03_price_outside_value_acceptance_test,Price Outside Value / Acceptance Test,CALIBRATED,spec/detection_specs/ch03_price_outside_value_acceptance_test.yaml,value_repair_confirmation_requirement,"value_repair_confirmation_requirement parameter; value must be supplied by later calibration or method configuration, not P16.",configured,instrument_session_timeframe_regime,YES,missing_calibration_parameters: INSUFFICIENT_EVIDENCE; missing_required_input: REFUSE_TO_CLASSIFY; missing_optional_input: DEGRADED_CONFIDENCE,status=calibration_required; unit=configured
3: Auction & Market Profile,ch03_short_covering_vs_long_liquidation_auctions,Short-Covering vs. Long-Liquidation Auctions,JUDGMENT_ASSISTED,spec/detection_specs/ch03_short_covering_vs_long_liquidation_auctions.yaml,delta_fade_requirement,Order-flow condition for decelerating forced-flow evidence.,relative_delta_behavior,instrument_session_timeframe_regime,YES,missing_calibration_parameters: INSUFFICIENT_EVIDENCE; missing_required_input: INSUFFICIENT_EVIDENCE; missing_optional_input: DEGRADED_CONFIDENCE,status=calibration_required; unit=relative_delta_behavior
3: Auction & Market Profile,ch03_short_covering_vs_long_liquidation_auctions,Short-Covering vs. Long-Liquidation Auctions,JUDGMENT_ASSISTED,spec/detection_specs/ch03_short_covering_vs_long_liquidation_auctions.yaml,forced_move_velocity_requirement,Calibrated velocity condition for forced-flow context.,relative_velocity,instrument_session_timeframe_regime,YES,missing_calibration_parameters: INSUFFICIENT_EVIDENCE; missing_required_input: INSUFFICIENT_EVIDENCE; missing_optional_input: DEGRADED_CONFIDENCE,status=calibration_required; unit=relative_velocity
3: Auction & Market Profile,ch03_short_covering_vs_long_liquidation_auctions,Short-Covering vs. Long-Liquidation Auctions,JUDGMENT_ASSISTED,spec/detection_specs/ch03_short_covering_vs_long_liquidation_auctions.yaml,value_non_migration_requirement,Condition for move lacking value support.,value_behavior_rule,instrument_session_timeframe_regime,YES,missing_calibration_parameters: INSUFFICIENT_EVIDENCE; missing_required_input: INSUFFICIENT_EVIDENCE; missing_optional_input: DEGRADED_CONFIDENCE,status=calibration_required; unit=value_behavior_rule
3: Auction & Market Profile,ch03_single_prints,Single Prints,COMPUTABLE,spec/detection_specs/ch03_single_prints.yaml,fill_detection_policy,"fill_detection_policy parameter; value must be supplied by later calibration or method configuration, not P16.",configured,instrument_session_timeframe_regime,YES,missing_calibration_parameters: CONTEXT_ONLY; missing_required_input: REFUSE_TO_CLASSIFY; missing_optional_input: DEGRADED_CONFIDENCE,status=calibration_required; unit=configured
3: Auction & Market Profile,ch03_single_prints,Single Prints,COMPUTABLE,spec/detection_specs/ch03_single_prints.yaml,single_print_adjacency_policy,"single_print_adjacency_policy parameter; value must be supplied by later calibration or method configuration, not P16.",configured,instrument_session_timeframe_regime,YES,missing_calibration_parameters: CONTEXT_ONLY; missing_required_input: REFUSE_TO_CLASSIFY; missing_optional_input: DEGRADED_CONFIDENCE,status=calibration_required; unit=configured
3: Auction & Market Profile,ch03_single_prints,Single Prints,COMPUTABLE,spec/detection_specs/ch03_single_prints.yaml,tpo_period_definition,"tpo_period_definition parameter; value must be supplied by later calibration or method configuration, not P16.",configured,instrument_session_timeframe_regime,YES,missing_calibration_parameters: CONTEXT_ONLY; missing_required_input: REFUSE_TO_CLASSIFY; missing_optional_input: DEGRADED_CONFIDENCE,status=calibration_required; unit=configured
3: Auction & Market Profile,ch03_the_auction_framework,The Auction Framework,CALIBRATED,spec/detection_specs/ch03_the_auction_framework.yaml,the_auction_framework_classification_requirement,Calibrated evidence requirement for The Auction Framework.,relative_or_sequence_measure,instrument_session_timeframe_regime,YES,missing_calibration_parameters: INSUFFICIENT_EVIDENCE; missing_required_input: REFUSE_TO_CLASSIFY; missing_optional_input: DEGRADED_CONFIDENCE,status=calibration_required; unit=relative_or_sequence_measure
3: Auction & Market Profile,ch03_the_auction_framework,The Auction Framework,CALIBRATED,spec/detection_specs/ch03_the_auction_framework.yaml,the_auction_framework_confirmation_window,"Review window for confirmation, failure, downgrade, or refusal behavior.",duration_or_bars,instrument_session_timeframe_regime,YES,missing_calibration_parameters: INSUFFICIENT_EVIDENCE; missing_required_input: REFUSE_TO_CLASSIFY; missing_optional_input: DEGRADED_CONFIDENCE,status=calibration_required; unit=duration_or_bars
3: Auction & Market Profile,ch03_the_auction_framework,The Auction Framework,CALIBRATED,spec/detection_specs/ch03_the_auction_framework.yaml,the_auction_framework_conflict_downgrade_rule,Rule for downgrading when required and optional evidence conflict.,evidence_conflict_rule,instrument_session_timeframe_regime,YES,missing_calibration_parameters: INSUFFICIENT_EVIDENCE; missing_required_input: REFUSE_TO_CLASSIFY; missing_optional_input: DEGRADED_CONFIDENCE,status=calibration_required; unit=evidence_conflict_rule
3: Auction & Market Profile,ch03_value_area_vah_val_poc,Value Area: VAH / VAL / POC,COMPUTABLE,spec/detection_specs/ch03_value_area_vah_val_poc.yaml,poc_migration_tick_tolerance,Price tolerance within which two sessions' POCs are treated as unchanged rather than migrated; a data-hygiene parameter.,,instrument,YES,missing_required_input: REFUSE_TO_CLASSIFY,status=calibration_required
3: Auction & Market Profile,ch03_value_area_vah_val_poc,Value Area: VAH / VAL / POC,COMPUTABLE,spec/detection_specs/ch03_value_area_vah_val_poc.yaml,value_area_coverage_fraction,"The fraction of session volume/TPOs the value area must contain. Recorded as the standard Market Profile convention, not an empirical market threshold; it is a method definition. A project that adopts a different convention must override it in configuration.",,instrument_session,YES,missing_required_input: REFUSE_TO_CLASSIFY,status=convention_default; source_spec_declares_value; inventory_omits_values
3: Auction & Market Profile,ch03_value_area_vah_val_poc,Value Area: VAH / VAL / POC,COMPUTABLE,spec/detection_specs/ch03_value_area_vah_val_poc.yaml,value_area_method,"Whether the value area is volume-based or TPO-based; a method choice, supplied as configuration.",,instrument,YES,missing_required_input: REFUSE_TO_CLASSIFY,status=configuration_required
3: Auction & Market Profile,ch03_value_migration_and_overlap,Value Migration & Overlap,COMPUTABLE,spec/detection_specs/ch03_value_migration_and_overlap.yaml,developing_value_update_policy,"developing_value_update_policy parameter; value must be supplied by later calibration or method configuration, not P16.",configured,instrument_session_timeframe_regime,YES,missing_calibration_parameters: CONTEXT_ONLY; missing_required_input: REFUSE_TO_CLASSIFY; missing_optional_input: DEGRADED_CONFIDENCE,status=calibration_required; unit=configured
3: Auction & Market Profile,ch03_value_migration_and_overlap,Value Migration & Overlap,COMPUTABLE,spec/detection_specs/ch03_value_migration_and_overlap.yaml,overlap_policy,"overlap_policy parameter; value must be supplied by later calibration or method configuration, not P16.",configured,instrument_session_timeframe_regime,YES,missing_calibration_parameters: CONTEXT_ONLY; missing_required_input: REFUSE_TO_CLASSIFY; missing_optional_input: DEGRADED_CONFIDENCE,status=calibration_required; unit=configured
3: Auction & Market Profile,ch03_value_migration_and_overlap,Value Migration & Overlap,COMPUTABLE,spec/detection_specs/ch03_value_migration_and_overlap.yaml,value_area_method,"value_area_method parameter; value must be supplied by later calibration or method configuration, not P16.",configured,instrument_session_timeframe_regime,YES,missing_calibration_parameters: CONTEXT_ONLY; missing_required_input: REFUSE_TO_CLASSIFY; missing_optional_input: DEGRADED_CONFIDENCE,status=calibration_required; unit=configured
3: Auction & Market Profile,ch03_volume_nodes_and_air_pockets,Volume Nodes & Air Pockets,CALIBRATED,spec/detection_specs/ch03_volume_nodes_and_air_pockets.yaml,air_pocket_travel_requirement,Behavior needed to tag a low-volume area as air-pocket context.,price_path_rule,instrument_session_timeframe_regime,YES,missing_calibration_parameters: INSUFFICIENT_EVIDENCE; missing_required_input: REFUSE_TO_CLASSIFY; missing_optional_input: DEGRADED_CONFIDENCE,status=calibration_required; unit=price_path_rule
3: Auction & Market Profile,ch03_volume_nodes_and_air_pockets,Volume Nodes & Air Pockets,CALIBRATED,spec/detection_specs/ch03_volume_nodes_and_air_pockets.yaml,high_volume_node_prominence_requirement,Calibrated prominence requirement for HVN identification.,relative_volume_at_price,instrument_session_timeframe_regime,YES,missing_calibration_parameters: INSUFFICIENT_EVIDENCE; missing_required_input: REFUSE_TO_CLASSIFY; missing_optional_input: DEGRADED_CONFIDENCE,status=calibration_required; unit=relative_volume_at_price
3: Auction & Market Profile,ch03_volume_nodes_and_air_pockets,Volume Nodes & Air Pockets,CALIBRATED,spec/detection_specs/ch03_volume_nodes_and_air_pockets.yaml,low_volume_node_thinness_requirement,Calibrated thinness requirement for LVN identification.,relative_volume_at_price,instrument_session_timeframe_regime,YES,missing_calibration_parameters: INSUFFICIENT_EVIDENCE; missing_required_input: REFUSE_TO_CLASSIFY; missing_optional_input: DEGRADED_CONFIDENCE,status=calibration_required; unit=relative_volume_at_price
3: Auction & Market Profile,ch03_volume_nodes_and_air_pockets,Volume Nodes & Air Pockets,CALIBRATED,spec/detection_specs/ch03_volume_nodes_and_air_pockets.yaml,node_acceptance_requirement,Behavior needed to tag acceptance around a node.,sequence_rule,instrument_session_timeframe_regime,YES,missing_calibration_parameters: INSUFFICIENT_EVIDENCE; missing_required_input: REFUSE_TO_CLASSIFY; missing_optional_input: DEGRADED_CONFIDENCE,status=calibration_required; unit=sequence_rule
3: Auction & Market Profile,ch03_vwap_relationship,VWAP Relationship,COMPUTABLE,spec/detection_specs/ch03_vwap_relationship.yaml,at_vwap_tolerance,Small price tolerance (in ticks or an ATR fraction) within which price is treated as at VWAP rather than above or below. A data-hygiene parameter to avoid flip-flop on noise; it is not a market-significance threshold.,,instrument_timeframe,YES,missing_required_input: REFUSE_TO_CLASSIFY,status=calibration_required
3: Auction & Market Profile,ch03_vwap_relationship,VWAP Relationship,COMPUTABLE,spec/detection_specs/ch03_vwap_relationship.yaml,standard_deviation_band_multipliers,"Band multipliers for VWAP deviation bands; supplied as configuration, not an empirical market threshold.",,instrument_session,YES,missing_required_input: REFUSE_TO_CLASSIFY,status=configuration_required
3: Auction & Market Profile,ch03_vwap_relationship,VWAP Relationship,COMPUTABLE,spec/detection_specs/ch03_vwap_relationship.yaml,vwap_slope_flat_tolerance,Slope magnitude below which VWAP is reported as flat rather than sloping.,,instrument_timeframe,YES,missing_required_input: REFUSE_TO_CLASSIFY,status=calibration_required
3: Auction & Market Profile,ch03_vwap_relationship,VWAP Relationship,COMPUTABLE,spec/detection_specs/ch03_vwap_relationship.yaml,vwap_slope_window,Lookback window used to compute the VWAP slope sign.,,instrument_timeframe,YES,missing_required_input: REFUSE_TO_CLASSIFY,status=calibration_required
4: Tape Reading & Microstructure,ch04_absorption,Absorption,JUDGMENT_ASSISTED,spec/detection_specs/ch04_absorption.yaml,delta_price_divergence_policy,"delta_price_divergence_policy parameter; value must be supplied by later calibration or method configuration, not P16.",configured,instrument_session_timeframe_regime,YES,missing_calibration_parameters: CONTEXT_ONLY; missing_required_input: REFUSE_TO_CLASSIFY; missing_optional_input: DEGRADED_CONFIDENCE,status=calibration_required; unit=configured
4: Tape Reading & Microstructure,ch04_absorption,Absorption,JUDGMENT_ASSISTED,spec/detection_specs/ch04_absorption.yaml,effort_without_result_policy,"effort_without_result_policy parameter; value must be supplied by later calibration or method configuration, not P16.",configured,instrument_session_timeframe_regime,YES,missing_calibration_parameters: CONTEXT_ONLY; missing_required_input: REFUSE_TO_CLASSIFY; missing_optional_input: DEGRADED_CONFIDENCE,status=calibration_required; unit=configured
4: Tape Reading & Microstructure,ch04_absorption,Absorption,JUDGMENT_ASSISTED,spec/detection_specs/ch04_absorption.yaml,time_at_price_requirement,"time_at_price_requirement parameter; value must be supplied by later calibration or method configuration, not P16.",configured,instrument_session_timeframe_regime,YES,missing_calibration_parameters: CONTEXT_ONLY; missing_required_input: REFUSE_TO_CLASSIFY; missing_optional_input: DEGRADED_CONFIDENCE,status=calibration_required; unit=configured
4: Tape Reading & Microstructure,ch04_chasing_vs_pressing,Chasing vs. Pressing,JUDGMENT_ASSISTED,spec/detection_specs/ch04_chasing_vs_pressing.yaml,chase_activity_requirement,"chase_activity_requirement parameter; value must be supplied by later calibration or method configuration, not P16.",configured,instrument_session_timeframe_regime,YES,missing_calibration_parameters: CONTEXT_ONLY; missing_required_input: REFUSE_TO_CLASSIFY; missing_optional_input: DEGRADED_CONFIDENCE,status=calibration_required; unit=configured
4: Tape Reading & Microstructure,ch04_chasing_vs_pressing,Chasing vs. Pressing,JUDGMENT_ASSISTED,spec/detection_specs/ch04_chasing_vs_pressing.yaml,pressing_persistence_requirement,"pressing_persistence_requirement parameter; value must be supplied by later calibration or method configuration, not P16.",configured,instrument_session_timeframe_regime,YES,missing_calibration_parameters: CONTEXT_ONLY; missing_required_input: REFUSE_TO_CLASSIFY; missing_optional_input: DEGRADED_CONFIDENCE,status=calibration_required; unit=configured
4: Tape Reading & Microstructure,ch04_chasing_vs_pressing,Chasing vs. Pressing,JUDGMENT_ASSISTED,spec/detection_specs/ch04_chasing_vs_pressing.yaml,vacuum_risk_policy,"vacuum_risk_policy parameter; value must be supplied by later calibration or method configuration, not P16.",configured,instrument_session_timeframe_regime,YES,missing_calibration_parameters: CONTEXT_ONLY; missing_required_input: REFUSE_TO_CLASSIFY; missing_optional_input: DEGRADED_CONFIDENCE,status=calibration_required; unit=configured
4: Tape Reading & Microstructure,ch04_cumulative_delta_and_delta_divergence,Cumulative Delta & Delta Divergence,JUDGMENT_ASSISTED,spec/detection_specs/ch04_cumulative_delta_and_delta_divergence.yaml,delta_confirmation_policy,"delta_confirmation_policy parameter; value must be supplied by later calibration or method configuration, not P16.",configured,instrument_session_timeframe_regime,YES,missing_calibration_parameters: CONTEXT_ONLY; missing_required_input: REFUSE_TO_CLASSIFY; missing_optional_input: DEGRADED_CONFIDENCE,status=calibration_required; unit=configured
4: Tape Reading & Microstructure,ch04_cumulative_delta_and_delta_divergence,Cumulative Delta & Delta Divergence,JUDGMENT_ASSISTED,spec/detection_specs/ch04_cumulative_delta_and_delta_divergence.yaml,delta_price_divergence_policy,"delta_price_divergence_policy parameter; value must be supplied by later calibration or method configuration, not P16.",configured,instrument_session_timeframe_regime,YES,missing_calibration_parameters: CONTEXT_ONLY; missing_required_input: REFUSE_TO_CLASSIFY; missing_optional_input: DEGRADED_CONFIDENCE,status=calibration_required; unit=configured
4: Tape Reading & Microstructure,ch04_cumulative_delta_and_delta_divergence,Cumulative Delta & Delta Divergence,JUDGMENT_ASSISTED,spec/detection_specs/ch04_cumulative_delta_and_delta_divergence.yaml,location_importance_policy,"location_importance_policy parameter; value must be supplied by later calibration or method configuration, not P16.",configured,instrument_session_timeframe_regime,YES,missing_calibration_parameters: CONTEXT_ONLY; missing_required_input: REFUSE_TO_CLASSIFY; missing_optional_input: DEGRADED_CONFIDENCE,status=calibration_required; unit=configured
4: Tape Reading & Microstructure,ch04_cumulative_delta_and_delta_divergence,Cumulative Delta & Delta Divergence,JUDGMENT_ASSISTED,spec/detection_specs/ch04_cumulative_delta_and_delta_divergence.yaml,thin_tape_downgrade_policy,"thin_tape_downgrade_policy parameter; value must be supplied by later calibration or method configuration, not P16.",configured,instrument_session_timeframe_regime,YES,missing_calibration_parameters: CONTEXT_ONLY; missing_required_input: REFUSE_TO_CLASSIFY; missing_optional_input: DEGRADED_CONFIDENCE,status=calibration_required; unit=configured
4: Tape Reading & Microstructure,ch04_spread_behavior,Spread Behavior,CALIBRATED,spec/detection_specs/ch04_spread_behavior.yaml,spread_normalization_requirement,"spread_normalization_requirement parameter; value must be supplied by later calibration or method configuration, not P16.",configured,instrument_session_timeframe_regime,YES,missing_calibration_parameters: INSUFFICIENT_EVIDENCE; missing_required_input: REFUSE_TO_CLASSIFY; missing_optional_input: DEGRADED_CONFIDENCE,status=calibration_required; unit=configured
4: Tape Reading & Microstructure,ch04_spread_behavior,Spread Behavior,CALIBRATED,spec/detection_specs/ch04_spread_behavior.yaml,spread_stability_requirement,"spread_stability_requirement parameter; value must be supplied by later calibration or method configuration, not P16.",configured,instrument_session_timeframe_regime,YES,missing_calibration_parameters: INSUFFICIENT_EVIDENCE; missing_required_input: REFUSE_TO_CLASSIFY; missing_optional_input: DEGRADED_CONFIDENCE,status=calibration_required; unit=configured
4: Tape Reading & Microstructure,ch04_spread_behavior,Spread Behavior,CALIBRATED,spec/detection_specs/ch04_spread_behavior.yaml,spread_widening_requirement,"spread_widening_requirement parameter; value must be supplied by later calibration or method configuration, not P16.",configured,instrument_session_timeframe_regime,YES,missing_calibration_parameters: INSUFFICIENT_EVIDENCE; missing_required_input: REFUSE_TO_CLASSIFY; missing_optional_input: DEGRADED_CONFIDENCE,status=calibration_required; unit=configured
4: Tape Reading & Microstructure,ch04_spread_behavior,Spread Behavior,CALIBRATED,spec/detection_specs/ch04_spread_behavior.yaml,spread_width_baseline,"spread_width_baseline parameter; value must be supplied by later calibration or method configuration, not P16.",configured,instrument_session_timeframe_regime,YES,missing_calibration_parameters: INSUFFICIENT_EVIDENCE; missing_required_input: REFUSE_TO_CLASSIFY; missing_optional_input: DEGRADED_CONFIDENCE,status=calibration_required; unit=configured
4: Tape Reading & Microstructure,ch04_stall_and_snap_back,Stall & Snap-Back,CALIBRATED,spec/detection_specs/ch04_stall_and_snap_back.yaml,progress_failure_requirement,"progress_failure_requirement parameter; value must be supplied by later calibration or method configuration, not P16.",configured,instrument_session_timeframe_regime,YES,missing_calibration_parameters: INSUFFICIENT_EVIDENCE; missing_required_input: REFUSE_TO_CLASSIFY; missing_optional_input: DEGRADED_CONFIDENCE,status=calibration_required; unit=configured
4: Tape Reading & Microstructure,ch04_stall_and_snap_back,Stall & Snap-Back,CALIBRATED,spec/detection_specs/ch04_stall_and_snap_back.yaml,reference_buffer,"reference_buffer parameter; value must be supplied by later calibration or method configuration, not P16.",configured,instrument_session_timeframe_regime,YES,missing_calibration_parameters: INSUFFICIENT_EVIDENCE; missing_required_input: REFUSE_TO_CLASSIFY; missing_optional_input: DEGRADED_CONFIDENCE,status=calibration_required; unit=configured
4: Tape Reading & Microstructure,ch04_stall_and_snap_back,Stall & Snap-Back,CALIBRATED,spec/detection_specs/ch04_stall_and_snap_back.yaml,snapback_return_window,"snapback_return_window parameter; value must be supplied by later calibration or method configuration, not P16.",configured,instrument_session_timeframe_regime,YES,missing_calibration_parameters: INSUFFICIENT_EVIDENCE; missing_required_input: REFUSE_TO_CLASSIFY; missing_optional_input: DEGRADED_CONFIDENCE,status=calibration_required; unit=configured
4: Tape Reading & Microstructure,ch04_stall_and_snap_back,Stall & Snap-Back,CALIBRATED,spec/detection_specs/ch04_stall_and_snap_back.yaml,stall_duration_requirement,"stall_duration_requirement parameter; value must be supplied by later calibration or method configuration, not P16.",configured,instrument_session_timeframe_regime,YES,missing_calibration_parameters: INSUFFICIENT_EVIDENCE; missing_required_input: REFUSE_TO_CLASSIFY; missing_optional_input: DEGRADED_CONFIDENCE,status=calibration_required; unit=configured
4: Tape Reading & Microstructure,ch04_sweeps_through_liquidity,Sweeps Through Liquidity,CALIBRATED,spec/detection_specs/ch04_sweeps_through_liquidity.yaml,multi_level_take_requirement,"multi_level_take_requirement parameter; value must be supplied by later calibration or method configuration, not P16.",configured,instrument_session_timeframe_regime,YES,missing_calibration_parameters: INSUFFICIENT_EVIDENCE; missing_required_input: REFUSE_TO_CLASSIFY; missing_optional_input: DEGRADED_CONFIDENCE,status=calibration_required; unit=configured
4: Tape Reading & Microstructure,ch04_sweeps_through_liquidity,Sweeps Through Liquidity,CALIBRATED,spec/detection_specs/ch04_sweeps_through_liquidity.yaml,post_sweep_hold_window,"post_sweep_hold_window parameter; value must be supplied by later calibration or method configuration, not P16.",configured,instrument_session_timeframe_regime,YES,missing_calibration_parameters: INSUFFICIENT_EVIDENCE; missing_required_input: REFUSE_TO_CLASSIFY; missing_optional_input: DEGRADED_CONFIDENCE,status=calibration_required; unit=configured
4: Tape Reading & Microstructure,ch04_sweeps_through_liquidity,Sweeps Through Liquidity,CALIBRATED,spec/detection_specs/ch04_sweeps_through_liquidity.yaml,post_sweep_reclaim_window,"post_sweep_reclaim_window parameter; value must be supplied by later calibration or method configuration, not P16.",configured,instrument_session_timeframe_regime,YES,missing_calibration_parameters: INSUFFICIENT_EVIDENCE; missing_required_input: REFUSE_TO_CLASSIFY; missing_optional_input: DEGRADED_CONFIDENCE,status=calibration_required; unit=configured
4: Tape Reading & Microstructure,ch04_sweeps_through_liquidity,Sweeps Through Liquidity,CALIBRATED,spec/detection_specs/ch04_sweeps_through_liquidity.yaml,sweep_velocity_requirement,"sweep_velocity_requirement parameter; value must be supplied by later calibration or method configuration, not P16.",configured,instrument_session_timeframe_regime,YES,missing_calibration_parameters: INSUFFICIENT_EVIDENCE; missing_required_input: REFUSE_TO_CLASSIFY; missing_optional_input: DEGRADED_CONFIDENCE,status=calibration_required; unit=configured
4: Tape Reading & Microstructure,ch04_tape_quality_spectrum,Tape Quality Spectrum,CALIBRATED,spec/detection_specs/ch04_tape_quality_spectrum.yaml,bar_range_context_requirement,"bar_range_context_requirement parameter; value must be supplied by later calibration or method configuration, not P16.",configured,instrument_session_timeframe_regime,YES,missing_calibration_parameters: INSUFFICIENT_EVIDENCE; missing_required_input: REFUSE_TO_CLASSIFY; missing_optional_input: DEGRADED_CONFIDENCE,status=calibration_required; unit=configured
4: Tape Reading & Microstructure,ch04_tape_quality_spectrum,Tape Quality Spectrum,CALIBRATED,spec/detection_specs/ch04_tape_quality_spectrum.yaml,depth_baseline_requirement,"depth_baseline_requirement parameter; value must be supplied by later calibration or method configuration, not P16.",configured,instrument_session_timeframe_regime,YES,missing_calibration_parameters: INSUFFICIENT_EVIDENCE; missing_required_input: REFUSE_TO_CLASSIFY; missing_optional_input: DEGRADED_CONFIDENCE,status=calibration_required; unit=configured
4: Tape Reading & Microstructure,ch04_tape_quality_spectrum,Tape Quality Spectrum,CALIBRATED,spec/detection_specs/ch04_tape_quality_spectrum.yaml,prints_per_tick_policy,"prints_per_tick_policy parameter; value must be supplied by later calibration or method configuration, not P16.",configured,instrument_session_timeframe_regime,YES,missing_calibration_parameters: INSUFFICIENT_EVIDENCE; missing_required_input: REFUSE_TO_CLASSIFY; missing_optional_input: DEGRADED_CONFIDENCE,status=calibration_required; unit=configured
4: Tape Reading & Microstructure,ch04_tape_quality_spectrum,Tape Quality Spectrum,CALIBRATED,spec/detection_specs/ch04_tape_quality_spectrum.yaml,spread_baseline_requirement,"spread_baseline_requirement parameter; value must be supplied by later calibration or method configuration, not P16.",configured,instrument_session_timeframe_regime,YES,missing_calibration_parameters: INSUFFICIENT_EVIDENCE; missing_required_input: REFUSE_TO_CLASSIFY; missing_optional_input: DEGRADED_CONFIDENCE,status=calibration_required; unit=configured
4: Tape Reading & Microstructure,ch04_tape_quality_spectrum,Tape Quality Spectrum,CALIBRATED,spec/detection_specs/ch04_tape_quality_spectrum.yaml,tape_stability_requirement,"tape_stability_requirement parameter; value must be supplied by later calibration or method configuration, not P16.",configured,instrument_session_timeframe_regime,YES,missing_calibration_parameters: INSUFFICIENT_EVIDENCE; missing_required_input: REFUSE_TO_CLASSIFY; missing_optional_input: DEGRADED_CONFIDENCE,status=calibration_required; unit=configured
4: Tape Reading & Microstructure,ch04_tape_vs_narrative,Tape vs. Narrative,JUDGMENT_ASSISTED,spec/detection_specs/ch04_tape_vs_narrative.yaml,tape_vs_narrative_downgrade_rule,"Rule for downgrading late, conflicted, thin, or unsupported evidence.",confidence_rule,instrument_session_timeframe_regime,REVIEW_REQUIRED,missing_calibration_parameters: INSUFFICIENT_EVIDENCE; missing_required_input: INSUFFICIENT_EVIDENCE; missing_optional_input: DEGRADED_CONFIDENCE,status=review_required; unit=confidence_rule
4: Tape Reading & Microstructure,ch04_tape_vs_narrative,Tape vs. Narrative,JUDGMENT_ASSISTED,spec/detection_specs/ch04_tape_vs_narrative.yaml,tape_vs_narrative_evidence_weighting_protocol,Review protocol for weighing evidence families without pretending the read is deterministic.,human_review_rule,instrument_session_timeframe_regime,REVIEW_REQUIRED,missing_calibration_parameters: INSUFFICIENT_EVIDENCE; missing_required_input: INSUFFICIENT_EVIDENCE; missing_optional_input: DEGRADED_CONFIDENCE,status=review_required; unit=human_review_rule
"5: Momentum, Follow-Through & Day Types",ch05_close_quality,Close Quality,JUDGMENT_ASSISTED,spec/detection_specs/ch05_close_quality.yaml,close_acceptance_evidence_policy,"close_acceptance_evidence_policy parameter; value must be supplied by later calibration or method configuration, not P16.",configured,instrument_session_timeframe_regime,YES,missing_calibration_parameters: CONTEXT_ONLY; missing_required_input: REFUSE_TO_CLASSIFY; missing_optional_input: DEGRADED_CONFIDENCE,status=calibration_required; unit=configured
"5: Momentum, Follow-Through & Day Types",ch05_close_quality,Close Quality,JUDGMENT_ASSISTED,spec/detection_specs/ch05_close_quality.yaml,close_location_reference_policy,"close_location_reference_policy parameter; value must be supplied by later calibration or method configuration, not P16.",configured,instrument_session_timeframe_regime,YES,missing_calibration_parameters: CONTEXT_ONLY; missing_required_input: REFUSE_TO_CLASSIFY; missing_optional_input: DEGRADED_CONFIDENCE,status=calibration_required; unit=configured
"5: Momentum, Follow-Through & Day Types",ch05_close_quality,Close Quality,JUDGMENT_ASSISTED,spec/detection_specs/ch05_close_quality.yaml,close_window_definition,"close_window_definition parameter; value must be supplied by later calibration or method configuration, not P16.",configured,instrument_session_timeframe_regime,YES,missing_calibration_parameters: CONTEXT_ONLY; missing_required_input: REFUSE_TO_CLASSIFY; missing_optional_input: DEGRADED_CONFIDENCE,status=calibration_required; unit=configured
"5: Momentum, Follow-Through & Day Types",ch05_day_type_taxonomy,Day-Type Taxonomy,JUDGMENT_ASSISTED,spec/detection_specs/ch05_day_type_taxonomy.yaml,day_type_evidence_window,"day_type_evidence_window parameter; value must be supplied by later calibration or method configuration, not P16.",configured,instrument_session_timeframe_regime,YES,missing_calibration_parameters: CONTEXT_ONLY; missing_required_input: REFUSE_TO_CLASSIFY; missing_optional_input: DEGRADED_CONFIDENCE,status=calibration_required; unit=configured
"5: Momentum, Follow-Through & Day Types",ch05_day_type_taxonomy,Day-Type Taxonomy,JUDGMENT_ASSISTED,spec/detection_specs/ch05_day_type_taxonomy.yaml,profile_shape_policy,"profile_shape_policy parameter; value must be supplied by later calibration or method configuration, not P16.",configured,instrument_session_timeframe_regime,YES,missing_calibration_parameters: CONTEXT_ONLY; missing_required_input: REFUSE_TO_CLASSIFY; missing_optional_input: DEGRADED_CONFIDENCE,status=calibration_required; unit=configured
"5: Momentum, Follow-Through & Day Types",ch05_day_type_taxonomy,Day-Type Taxonomy,JUDGMENT_ASSISTED,spec/detection_specs/ch05_day_type_taxonomy.yaml,rotation_quality_policy,"rotation_quality_policy parameter; value must be supplied by later calibration or method configuration, not P16.",configured,instrument_session_timeframe_regime,YES,missing_calibration_parameters: CONTEXT_ONLY; missing_required_input: REFUSE_TO_CLASSIFY; missing_optional_input: DEGRADED_CONFIDENCE,status=calibration_required; unit=configured
"5: Momentum, Follow-Through & Day Types",ch05_exhaustion,Exhaustion,JUDGMENT_ASSISTED,spec/detection_specs/ch05_exhaustion.yaml,exhaustion_downgrade_rule,"Rule for downgrading late, conflicted, thin, or unsupported evidence.",confidence_rule,instrument_session_timeframe_regime,REVIEW_REQUIRED,missing_calibration_parameters: INSUFFICIENT_EVIDENCE; missing_required_input: INSUFFICIENT_EVIDENCE; missing_optional_input: DEGRADED_CONFIDENCE,status=review_required; unit=confidence_rule
"5: Momentum, Follow-Through & Day Types",ch05_exhaustion,Exhaustion,JUDGMENT_ASSISTED,spec/detection_specs/ch05_exhaustion.yaml,exhaustion_evidence_weighting_protocol,Review protocol for weighing evidence families without pretending the read is deterministic.,human_review_rule,instrument_session_timeframe_regime,REVIEW_REQUIRED,missing_calibration_parameters: INSUFFICIENT_EVIDENCE; missing_required_input: INSUFFICIENT_EVIDENCE; missing_optional_input: DEGRADED_CONFIDENCE,status=review_required; unit=human_review_rule
"5: Momentum, Follow-Through & Day Types",ch05_follow_through_and_failure,Follow-Through and Failure,CALIBRATED,spec/detection_specs/ch05_follow_through_and_failure.yaml,failure_reclaim_window,Window in which return through the reference qualifies as failure.,duration_or_bars,instrument_session_timeframe_regime,YES,missing_calibration_parameters: INSUFFICIENT_EVIDENCE; missing_required_input: REFUSE_TO_CLASSIFY; missing_optional_input: DEGRADED_CONFIDENCE,status=calibration_required; unit=duration_or_bars
"5: Momentum, Follow-Through & Day Types",ch05_follow_through_and_failure,Follow-Through and Failure,CALIBRATED,spec/detection_specs/ch05_follow_through_and_failure.yaml,hold_beyond_reference_requirement,Required hold or dwell behavior beyond the reference.,duration_or_bars,instrument_session_timeframe_regime,YES,missing_calibration_parameters: INSUFFICIENT_EVIDENCE; missing_required_input: REFUSE_TO_CLASSIFY; missing_optional_input: DEGRADED_CONFIDENCE,status=calibration_required; unit=duration_or_bars
"5: Momentum, Follow-Through & Day Types",ch05_follow_through_and_failure,Follow-Through and Failure,CALIBRATED,spec/detection_specs/ch05_follow_through_and_failure.yaml,post_move_extension_requirement,Minimum calibrated extension after the initiating move.,relative_extension,instrument_session_timeframe_regime,YES,missing_calibration_parameters: INSUFFICIENT_EVIDENCE; missing_required_input: REFUSE_TO_CLASSIFY; missing_optional_input: DEGRADED_CONFIDENCE,status=calibration_required; unit=relative_extension
"5: Momentum, Follow-Through & Day Types",ch05_follow_through_and_failure,Follow-Through and Failure,CALIBRATED,spec/detection_specs/ch05_follow_through_and_failure.yaml,retest_hold_requirement,Retest behavior needed to mark the reference as defended.,sequence_rule,instrument_session_timeframe_regime,YES,missing_calibration_parameters: INSUFFICIENT_EVIDENCE; missing_required_input: REFUSE_TO_CLASSIFY; missing_optional_input: DEGRADED_CONFIDENCE,status=calibration_required; unit=sequence_rule
"5: Momentum, Follow-Through & Day Types",ch05_impulse_vs_grind,Impulse vs. Grind,CALIBRATED,spec/detection_specs/ch05_impulse_vs_grind.yaml,grind_persistence_requirement,"grind_persistence_requirement parameter; value must be supplied by later calibration or method configuration, not P16.",configured,instrument_session_timeframe_regime,YES,missing_calibration_parameters: INSUFFICIENT_EVIDENCE; missing_required_input: REFUSE_TO_CLASSIFY; missing_optional_input: DEGRADED_CONFIDENCE,status=calibration_required; unit=configured
"5: Momentum, Follow-Through & Day Types",ch05_impulse_vs_grind,Impulse vs. Grind,CALIBRATED,spec/detection_specs/ch05_impulse_vs_grind.yaml,impulse_displacement_requirement,"impulse_displacement_requirement parameter; value must be supplied by later calibration or method configuration, not P16.",configured,instrument_session_timeframe_regime,YES,missing_calibration_parameters: INSUFFICIENT_EVIDENCE; missing_required_input: REFUSE_TO_CLASSIFY; missing_optional_input: DEGRADED_CONFIDENCE,status=calibration_required; unit=configured
"5: Momentum, Follow-Through & Day Types",ch05_impulse_vs_grind,Impulse vs. Grind,CALIBRATED,spec/detection_specs/ch05_impulse_vs_grind.yaml,overlap_requirement,"overlap_requirement parameter; value must be supplied by later calibration or method configuration, not P16.",configured,instrument_session_timeframe_regime,YES,missing_calibration_parameters: INSUFFICIENT_EVIDENCE; missing_required_input: REFUSE_TO_CLASSIFY; missing_optional_input: DEGRADED_CONFIDENCE,status=calibration_required; unit=configured
"5: Momentum, Follow-Through & Day Types",ch05_impulse_vs_grind,Impulse vs. Grind,CALIBRATED,spec/detection_specs/ch05_impulse_vs_grind.yaml,pullback_defense_requirement,"pullback_defense_requirement parameter; value must be supplied by later calibration or method configuration, not P16.",configured,instrument_session_timeframe_regime,YES,missing_calibration_parameters: INSUFFICIENT_EVIDENCE; missing_required_input: REFUSE_TO_CLASSIFY; missing_optional_input: DEGRADED_CONFIDENCE,status=calibration_required; unit=configured
"5: Momentum, Follow-Through & Day Types",ch05_impulse_vs_grind,Impulse vs. Grind,CALIBRATED,spec/detection_specs/ch05_impulse_vs_grind.yaml,vertical_extension_review_policy,"vertical_extension_review_policy parameter; value must be supplied by later calibration or method configuration, not P16.",configured,instrument_session_timeframe_regime,YES,missing_calibration_parameters: INSUFFICIENT_EVIDENCE; missing_required_input: REFUSE_TO_CLASSIFY; missing_optional_input: DEGRADED_CONFIDENCE,status=calibration_required; unit=configured
"5: Momentum, Follow-Through & Day Types",ch05_momentum_ignition_stall_and_exhaustion,"Momentum Ignition, Stall & Exhaustion",JUDGMENT_ASSISTED,spec/detection_specs/ch05_momentum_ignition_stall_and_exhaustion.yaml,exhaustion_extension_requirement,Criterion for late extension becoming exhaustion review rather than clean continuation.,relative_extension_measure,instrument_session_timeframe_regime,YES,missing_calibration_parameters: INSUFFICIENT_EVIDENCE; missing_required_input: INSUFFICIENT_EVIDENCE; missing_optional_input: DEGRADED_CONFIDENCE,status=calibration_required; unit=relative_extension_measure
"5: Momentum, Follow-Through & Day Types",ch05_momentum_ignition_stall_and_exhaustion,"Momentum Ignition, Stall & Exhaustion",JUDGMENT_ASSISTED,spec/detection_specs/ch05_momentum_ignition_stall_and_exhaustion.yaml,follow_through_hold_requirement,Required holding behavior after initial ignition evidence.,duration_or_bars,instrument_session_timeframe_regime,YES,missing_calibration_parameters: INSUFFICIENT_EVIDENCE; missing_required_input: INSUFFICIENT_EVIDENCE; missing_optional_input: DEGRADED_CONFIDENCE,status=calibration_required; unit=duration_or_bars
"5: Momentum, Follow-Through & Day Types",ch05_momentum_ignition_stall_and_exhaustion,"Momentum Ignition, Stall & Exhaustion",JUDGMENT_ASSISTED,spec/detection_specs/ch05_momentum_ignition_stall_and_exhaustion.yaml,ignition_displacement_requirement,Required displacement beyond normal probing behavior.,relative_displacement,instrument_session_timeframe_regime,YES,missing_calibration_parameters: INSUFFICIENT_EVIDENCE; missing_required_input: INSUFFICIENT_EVIDENCE; missing_optional_input: DEGRADED_CONFIDENCE,status=calibration_required; unit=relative_displacement
"5: Momentum, Follow-Through & Day Types",ch05_momentum_ignition_stall_and_exhaustion,"Momentum Ignition, Stall & Exhaustion",JUDGMENT_ASSISTED,spec/detection_specs/ch05_momentum_ignition_stall_and_exhaustion.yaml,stall_effort_vs_result_requirement,Criterion for effort failing to create continued displacement.,relative_effort_result_measure,instrument_session_timeframe_regime,YES,missing_calibration_parameters: INSUFFICIENT_EVIDENCE; missing_required_input: INSUFFICIENT_EVIDENCE; missing_optional_input: DEGRADED_CONFIDENCE,status=calibration_required; unit=relative_effort_result_measure
"5: Momentum, Follow-Through & Day Types",ch05_one_timeframing,One-Timeframing,COMPUTABLE,spec/detection_specs/ch05_one_timeframing.yaml,anchor_period_policy,"Defines where the sequence begins, such as session start or a supplied structural anchor.",enum,session_timeframe,YES,missing_required_input: REFUSE_TO_CLASSIFY,status=configuration_required; unit=enum
"5: Momentum, Follow-Through & Day Types",ch05_one_timeframing,One-Timeframing,COMPUTABLE,spec/detection_specs/ch05_one_timeframing.yaml,comparison_inclusivity,Defines whether equality at the prior period high/low preserves or loses one-timeframing.,enum,implementation_method,YES,missing_required_input: REFUSE_TO_CLASSIFY,status=configuration_required; unit=enum
"5: Momentum, Follow-Through & Day Types",ch05_one_timeframing,One-Timeframing,COMPUTABLE,spec/detection_specs/ch05_one_timeframing.yaml,period_length,"Configured period duration for the one-timeframing sequence; it is a method configuration, not a market threshold.",duration,instrument_session_timeframe,YES,missing_required_input: REFUSE_TO_CLASSIFY,status=configuration_required; unit=duration
6: Traps & Positioning,ch06_short_covering_rally,Short-Covering Rally,JUDGMENT_ASSISTED,spec/detection_specs/ch06_short_covering_rally.yaml,covering_acceleration_requirement,Calibrated acceleration condition after reclaim.,relative_velocity,instrument_session_timeframe_regime,YES,missing_calibration_parameters: INSUFFICIENT_EVIDENCE; missing_required_input: INSUFFICIENT_EVIDENCE; missing_optional_input: DEGRADED_CONFIDENCE,status=calibration_required; unit=relative_velocity
6: Traps & Positioning,ch06_short_covering_rally,Short-Covering Rally,JUDGMENT_ASSISTED,spec/detection_specs/ch06_short_covering_rally.yaml,failed_breakdown_reclaim_requirement,Behavior required for failed downside premise and reclaim.,sequence_rule,instrument_session_timeframe_regime,YES,missing_calibration_parameters: INSUFFICIENT_EVIDENCE; missing_required_input: INSUFFICIENT_EVIDENCE; missing_optional_input: DEGRADED_CONFIDENCE,status=calibration_required; unit=sequence_rule
6: Traps & Positioning,ch06_short_covering_rally,Short-Covering Rally,JUDGMENT_ASSISTED,spec/detection_specs/ch06_short_covering_rally.yaml,fresh_buying_confirmation_requirement,Evidence required before fresh buying can be distinguished from covering.,evidence_rule,instrument_session_timeframe_regime,YES,missing_calibration_parameters: INSUFFICIENT_EVIDENCE; missing_required_input: INSUFFICIENT_EVIDENCE; missing_optional_input: DEGRADED_CONFIDENCE,status=calibration_required; unit=evidence_rule
6: Traps & Positioning,ch06_stop_out_cascades_and_liquidation,Stop-Out Cascades & Liquidation,CALIBRATED,spec/detection_specs/ch06_stop_out_cascades_and_liquidation.yaml,cascade_velocity_requirement,Calibrated acceleration requirement for cascade-like behavior.,relative_velocity,instrument_session_timeframe_regime,YES,missing_calibration_parameters: INSUFFICIENT_EVIDENCE; missing_required_input: REFUSE_TO_CLASSIFY; missing_optional_input: DEGRADED_CONFIDENCE,status=calibration_required; unit=relative_velocity
6: Traps & Positioning,ch06_stop_out_cascades_and_liquidation,Stop-Out Cascades & Liquidation,CALIBRATED,spec/detection_specs/ch06_stop_out_cascades_and_liquidation.yaml,stabilization_requirement,Behavior marking the end or repair of cascade context.,sequence_rule,instrument_session_timeframe_regime,YES,missing_calibration_parameters: INSUFFICIENT_EVIDENCE; missing_required_input: REFUSE_TO_CLASSIFY; missing_optional_input: DEGRADED_CONFIDENCE,status=calibration_required; unit=sequence_rule
6: Traps & Positioning,ch06_stop_out_cascades_and_liquidation,Stop-Out Cascades & Liquidation,CALIBRATED,spec/detection_specs/ch06_stop_out_cascades_and_liquidation.yaml,structural_breach_requirement,Breach behavior around obvious reference levels.,sequence_rule,instrument_session_timeframe_regime,YES,missing_calibration_parameters: INSUFFICIENT_EVIDENCE; missing_required_input: REFUSE_TO_CLASSIFY; missing_optional_input: DEGRADED_CONFIDENCE,status=calibration_required; unit=sequence_rule
6: Traps & Positioning,ch06_stop_out_cascades_and_liquidation,Stop-Out Cascades & Liquidation,CALIBRATED,spec/detection_specs/ch06_stop_out_cascades_and_liquidation.yaml,volume_expansion_requirement,Calibrated participation/volume expansion requirement.,relative_volume_statistic,instrument_session_timeframe_regime,YES,missing_calibration_parameters: INSUFFICIENT_EVIDENCE; missing_required_input: REFUSE_TO_CLASSIFY; missing_optional_input: DEGRADED_CONFIDENCE,status=calibration_required; unit=relative_volume_statistic
6: Traps & Positioning,ch06_strong_hands_defending,Strong Hands Defending,JUDGMENT_ASSISTED,spec/detection_specs/ch06_strong_hands_defending.yaml,defense_failure_requirement,Behavior required for failed defense and accepted loss of area.,sequence_rule,instrument_session_timeframe_regime,YES,missing_calibration_parameters: INSUFFICIENT_EVIDENCE; missing_required_input: INSUFFICIENT_EVIDENCE; missing_optional_input: DEGRADED_CONFIDENCE,status=calibration_required; unit=sequence_rule
6: Traps & Positioning,ch06_strong_hands_defending,Strong Hands Defending,JUDGMENT_ASSISTED,spec/detection_specs/ch06_strong_hands_defending.yaml,defense_hold_requirement,Behavior required for holding defense.,sequence_rule,instrument_session_timeframe_regime,YES,missing_calibration_parameters: INSUFFICIENT_EVIDENCE; missing_required_input: INSUFFICIENT_EVIDENCE; missing_optional_input: DEGRADED_CONFIDENCE,status=calibration_required; unit=sequence_rule
6: Traps & Positioning,ch06_strong_hands_defending,Strong Hands Defending,JUDGMENT_ASSISTED,spec/detection_specs/ch06_strong_hands_defending.yaml,repeated_test_requirement,Number/quality of tests required without inventing fixed universal counts.,sequence_rule,instrument_session_timeframe_regime,YES,missing_calibration_parameters: INSUFFICIENT_EVIDENCE; missing_required_input: INSUFFICIENT_EVIDENCE; missing_optional_input: DEGRADED_CONFIDENCE,status=calibration_required; unit=sequence_rule
6: Traps & Positioning,ch06_trapped_traders,Trapped Traders,JUDGMENT_ASSISTED,spec/detection_specs/ch06_trapped_traders.yaml,failed_acceptance_requirement,Behavior required to mark a failed premise beyond a reference.,sequence_rule,instrument_session_timeframe_regime,YES,missing_calibration_parameters: INSUFFICIENT_EVIDENCE; missing_required_input: INSUFFICIENT_EVIDENCE; missing_optional_input: DEGRADED_CONFIDENCE,status=calibration_required; unit=sequence_rule
6: Traps & Positioning,ch06_trapped_traders,Trapped Traders,JUDGMENT_ASSISTED,spec/detection_specs/ch06_trapped_traders.yaml,reclaim_requirement,Reclaim behavior required for trap context.,sequence_rule,instrument_session_timeframe_regime,YES,missing_calibration_parameters: INSUFFICIENT_EVIDENCE; missing_required_input: INSUFFICIENT_EVIDENCE; missing_optional_input: DEGRADED_CONFIDENCE,status=calibration_required; unit=sequence_rule
6: Traps & Positioning,ch06_trapped_traders,Trapped Traders,JUDGMENT_ASSISTED,spec/detection_specs/ch06_trapped_traders.yaml,trap_vulnerability_requirement,Evidence required to mark participants as vulnerable rather than merely wrong.,evidence_rule,instrument_session_timeframe_regime,YES,missing_calibration_parameters: INSUFFICIENT_EVIDENCE; missing_required_input: INSUFFICIENT_EVIDENCE; missing_optional_input: DEGRADED_CONFIDENCE,status=calibration_required; unit=evidence_rule
7: Session Context & Sequencing,ch07_asia_session_character,Asia Session Character,CALIBRATED,spec/detection_specs/ch07_asia_session_character.yaml,asia_fakeout_reclaim_window,Window for extension and reclaim that marks fakeout-prone context.,duration_or_bars,instrument_session_timeframe_regime,YES,missing_calibration_parameters: INSUFFICIENT_EVIDENCE; missing_required_input: REFUSE_TO_CLASSIFY; missing_optional_input: DEGRADED_CONFIDENCE,status=calibration_required; unit=duration_or_bars
7: Session Context & Sequencing,ch07_asia_session_character,Asia Session Character,CALIBRATED,spec/detection_specs/ch07_asia_session_character.yaml,asia_overlap_requirement,Overlap/containment condition for placeholder behavior.,relative_overlap_measure,instrument_session_timeframe_regime,YES,missing_calibration_parameters: INSUFFICIENT_EVIDENCE; missing_required_input: REFUSE_TO_CLASSIFY; missing_optional_input: DEGRADED_CONFIDENCE,status=calibration_required; unit=relative_overlap_measure
7: Session Context & Sequencing,ch07_asia_session_character,Asia Session Character,CALIBRATED,spec/detection_specs/ch07_asia_session_character.yaml,asia_range_meaningfulness_requirement,Range condition for meaningful Asia structure.,relative_range_statistic,instrument_session_timeframe_regime,YES,missing_calibration_parameters: INSUFFICIENT_EVIDENCE; missing_required_input: REFUSE_TO_CLASSIFY; missing_optional_input: DEGRADED_CONFIDENCE,status=calibration_required; unit=relative_range_statistic
7: Session Context & Sequencing,ch07_asia_session_character,Asia Session Character,CALIBRATED,spec/detection_specs/ch07_asia_session_character.yaml,asia_volume_participation_requirement,Participation condition for accepted Asia structure.,relative_volume_statistic,instrument_session_timeframe_regime,YES,missing_calibration_parameters: INSUFFICIENT_EVIDENCE; missing_required_input: REFUSE_TO_CLASSIFY; missing_optional_input: DEGRADED_CONFIDENCE,status=calibration_required; unit=relative_volume_statistic
7: Session Context & Sequencing,ch07_intraday_time_windows,Intraday Time Windows,JUDGMENT_ASSISTED,spec/detection_specs/ch07_intraday_time_windows.yaml,midday_drift_overlap_requirement,Criteria for identifying drift rather than accepted relocation.,relative_overlap_measure,instrument_session_timeframe_regime,YES,missing_calibration_parameters: INSUFFICIENT_EVIDENCE; missing_required_input: INSUFFICIENT_EVIDENCE; missing_optional_input: DEGRADED_CONFIDENCE,status=calibration_required; unit=relative_overlap_measure
7: Session Context & Sequencing,ch07_intraday_time_windows,Intraday Time Windows,JUDGMENT_ASSISTED,spec/detection_specs/ch07_intraday_time_windows.yaml,spread_quality_requirement,Spread condition for clean time-window interpretation.,relative_spread_statistic,instrument_session_timeframe_regime,YES,missing_calibration_parameters: INSUFFICIENT_EVIDENCE; missing_required_input: INSUFFICIENT_EVIDENCE; missing_optional_input: DEGRADED_CONFIDENCE,status=calibration_required; unit=relative_spread_statistic
7: Session Context & Sequencing,ch07_intraday_time_windows,Intraday Time Windows,JUDGMENT_ASSISTED,spec/detection_specs/ch07_intraday_time_windows.yaml,window_participation_requirement,Participation requirement for treating movement as meaningful inside each window.,relative_volume_statistic,instrument_session_timeframe_regime,YES,missing_calibration_parameters: INSUFFICIENT_EVIDENCE; missing_required_input: INSUFFICIENT_EVIDENCE; missing_optional_input: DEGRADED_CONFIDENCE,status=calibration_required; unit=relative_volume_statistic
7: Session Context & Sequencing,ch07_london_initiative_and_traps,London Initiative & Traps,JUDGMENT_ASSISTED,spec/detection_specs/ch07_london_initiative_and_traps.yaml,london_acceptance_requirement,Behavior needed to treat London initiative as accepted.,sequence_rule,instrument_session_timeframe_regime,YES,missing_calibration_parameters: INSUFFICIENT_EVIDENCE; missing_required_input: INSUFFICIENT_EVIDENCE; missing_optional_input: DEGRADED_CONFIDENCE,status=calibration_required; unit=sequence_rule
7: Session Context & Sequencing,ch07_london_initiative_and_traps,London Initiative & Traps,JUDGMENT_ASSISTED,spec/detection_specs/ch07_london_initiative_and_traps.yaml,london_extension_requirement,Calibrated requirement for meaningful London extension.,relative_extension,instrument_session_timeframe_regime,YES,missing_calibration_parameters: INSUFFICIENT_EVIDENCE; missing_required_input: INSUFFICIENT_EVIDENCE; missing_optional_input: DEGRADED_CONFIDENCE,status=calibration_required; unit=relative_extension
7: Session Context & Sequencing,ch07_london_initiative_and_traps,London Initiative & Traps,JUDGMENT_ASSISTED,spec/detection_specs/ch07_london_initiative_and_traps.yaml,london_trap_reclaim_window,Window for failed extension and reclaim after attracting poor-location participation.,duration_or_bars,instrument_session_timeframe_regime,YES,missing_calibration_parameters: INSUFFICIENT_EVIDENCE; missing_required_input: INSUFFICIENT_EVIDENCE; missing_optional_input: DEGRADED_CONFIDENCE,status=calibration_required; unit=duration_or_bars
7: Session Context & Sequencing,ch07_ny_inheritance_vs_rejection,NY Inheritance vs. Rejection,JUDGMENT_ASSISTED,spec/detection_specs/ch07_ny_inheritance_vs_rejection.yaml,ny_inheritance_vs_rejection_downgrade_rule,"Rule for downgrading late, conflicted, thin, or unsupported evidence.",confidence_rule,instrument_session_timeframe_regime,REVIEW_REQUIRED,missing_calibration_parameters: INSUFFICIENT_EVIDENCE; missing_required_input: INSUFFICIENT_EVIDENCE; missing_optional_input: DEGRADED_CONFIDENCE,status=review_required; unit=confidence_rule
7: Session Context & Sequencing,ch07_ny_inheritance_vs_rejection,NY Inheritance vs. Rejection,JUDGMENT_ASSISTED,spec/detection_specs/ch07_ny_inheritance_vs_rejection.yaml,ny_inheritance_vs_rejection_evidence_weighting_protocol,Review protocol for weighing evidence families without pretending the read is deterministic.,human_review_rule,instrument_session_timeframe_regime,REVIEW_REQUIRED,missing_calibration_parameters: INSUFFICIENT_EVIDENCE; missing_required_input: INSUFFICIENT_EVIDENCE; missing_optional_input: DEGRADED_CONFIDENCE,status=review_required; unit=human_review_rule
7: Session Context & Sequencing,ch07_opening_type_taxonomy,Opening Type Taxonomy,JUDGMENT_ASSISTED,spec/detection_specs/ch07_opening_type_taxonomy.yaml,opening_type_taxonomy_downgrade_rule,"Rule for downgrading late, conflicted, thin, or unsupported evidence.",confidence_rule,instrument_session_timeframe_regime,REVIEW_REQUIRED,missing_calibration_parameters: INSUFFICIENT_EVIDENCE; missing_required_input: INSUFFICIENT_EVIDENCE; missing_optional_input: DEGRADED_CONFIDENCE,status=review_required; unit=confidence_rule
7: Session Context & Sequencing,ch07_opening_type_taxonomy,Opening Type Taxonomy,JUDGMENT_ASSISTED,spec/detection_specs/ch07_opening_type_taxonomy.yaml,opening_type_taxonomy_evidence_weighting_protocol,Review protocol for weighing evidence families without pretending the read is deterministic.,human_review_rule,instrument_session_timeframe_regime,REVIEW_REQUIRED,missing_calibration_parameters: INSUFFICIENT_EVIDENCE; missing_required_input: INSUFFICIENT_EVIDENCE; missing_optional_input: DEGRADED_CONFIDENCE,status=review_required; unit=human_review_rule
7: Session Context & Sequencing,ch07_rth_open_location,RTH Open Location,COMPUTABLE,spec/detection_specs/ch07_rth_open_location.yaml,equality_policy,"Defines whether equality at a reference is classified as inside, at-reference, above, or below.",enum,implementation_method,YES,missing_required_input: REFUSE_TO_CLASSIFY; missing_optional_inputs: CONTEXT_ONLY: keep structural open-location labels and omit interpretive context.,status=configuration_required; unit=enum
7: Session Context & Sequencing,ch07_rth_open_location,RTH Open Location,COMPUTABLE,spec/detection_specs/ch07_rth_open_location.yaml,reference_proximity_tolerance,Tolerance for optional near-reference labels such as near Globex high or near prior value edge.,ticks_or_volatility_fraction,instrument_session_regime,YES,missing_required_input: REFUSE_TO_CLASSIFY; missing_optional_inputs: CONTEXT_ONLY: keep structural open-location labels and omit interpretive context.,status=calibration_required; unit=ticks_or_volatility_fraction
7: Session Context & Sequencing,ch07_rth_open_location,RTH Open Location,COMPUTABLE,spec/detection_specs/ch07_rth_open_location.yaml,rth_open_price_policy,"Defines source of the RTH open price, such as official open or first valid trade.",enum,instrument_session,YES,missing_required_input: REFUSE_TO_CLASSIFY; missing_optional_inputs: CONTEXT_ONLY: keep structural open-location labels and omit interpretive context.,status=configuration_required; unit=enum
7: Session Context & Sequencing,ch07_session_quality_vs_session_completion,Session Quality vs. Session Completion,JUDGMENT_ASSISTED,spec/detection_specs/ch07_session_quality_vs_session_completion.yaml,session_quality_vs_session_completion_downgrade_rule,"Rule for downgrading late, conflicted, thin, or unsupported evidence.",confidence_rule,instrument_session_timeframe_regime,REVIEW_REQUIRED,missing_calibration_parameters: INSUFFICIENT_EVIDENCE; missing_required_input: INSUFFICIENT_EVIDENCE; missing_optional_input: DEGRADED_CONFIDENCE,status=review_required; unit=confidence_rule
7: Session Context & Sequencing,ch07_session_quality_vs_session_completion,Session Quality vs. Session Completion,JUDGMENT_ASSISTED,spec/detection_specs/ch07_session_quality_vs_session_completion.yaml,session_quality_vs_session_completion_evidence_weighting_protocol,Review protocol for weighing evidence families without pretending the read is deterministic.,human_review_rule,instrument_session_timeframe_regime,REVIEW_REQUIRED,missing_calibration_parameters: INSUFFICIENT_EVIDENCE; missing_required_input: INSUFFICIENT_EVIDENCE; missing_optional_input: DEGRADED_CONFIDENCE,status=review_required; unit=human_review_rule
7: Session Context & Sequencing,ch07_session_sequencing,Session Sequencing,JUDGMENT_ASSISTED,spec/detection_specs/ch07_session_sequencing.yaml,inventory_repair_requirement,Behavior required for inventory correction context.,sequence_rule,instrument_session_timeframe_regime,YES,missing_calibration_parameters: INSUFFICIENT_EVIDENCE; missing_required_input: INSUFFICIENT_EVIDENCE; missing_optional_input: DEGRADED_CONFIDENCE,status=calibration_required; unit=sequence_rule
7: Session Context & Sequencing,ch07_session_sequencing,Session Sequencing,JUDGMENT_ASSISTED,spec/detection_specs/ch07_session_sequencing.yaml,session_handoff_acceptance_requirement,Behavior required to mark one session as inheriting another session premise.,sequence_rule,instrument_session_timeframe_regime,YES,missing_calibration_parameters: INSUFFICIENT_EVIDENCE; missing_required_input: INSUFFICIENT_EVIDENCE; missing_optional_input: DEGRADED_CONFIDENCE,status=calibration_required; unit=sequence_rule
7: Session Context & Sequencing,ch07_session_sequencing,Session Sequencing,JUDGMENT_ASSISTED,spec/detection_specs/ch07_session_sequencing.yaml,session_rejection_requirement,Behavior required to mark later-session rejection of prior-session work.,sequence_rule,instrument_session_timeframe_regime,YES,missing_calibration_parameters: INSUFFICIENT_EVIDENCE; missing_required_input: INSUFFICIENT_EVIDENCE; missing_optional_input: DEGRADED_CONFIDENCE,status=calibration_required; unit=sequence_rule
8: Volatility Regime,ch08_compression_breakouts_real_vs_false,Compression Breakouts (Real vs. False),CALIBRATED,spec/detection_specs/ch08_compression_breakouts_real_vs_false.yaml,compression_breakouts_real_vs_false_classification_requirement,Calibrated evidence requirement for Compression Breakouts (Real vs. False).,relative_or_sequence_measure,instrument_session_timeframe_regime,YES,missing_calibration_parameters: INSUFFICIENT_EVIDENCE; missing_required_input: REFUSE_TO_CLASSIFY; missing_optional_input: DEGRADED_CONFIDENCE,status=calibration_required; unit=relative_or_sequence_measure
8: Volatility Regime,ch08_compression_breakouts_real_vs_false,Compression Breakouts (Real vs. False),CALIBRATED,spec/detection_specs/ch08_compression_breakouts_real_vs_false.yaml,compression_breakouts_real_vs_false_confirmation_window,"Review window for confirmation, failure, downgrade, or refusal behavior.",duration_or_bars,instrument_session_timeframe_regime,YES,missing_calibration_parameters: INSUFFICIENT_EVIDENCE; missing_required_input: REFUSE_TO_CLASSIFY; missing_optional_input: DEGRADED_CONFIDENCE,status=calibration_required; unit=duration_or_bars
8: Volatility Regime,ch08_compression_breakouts_real_vs_false,Compression Breakouts (Real vs. False),CALIBRATED,spec/detection_specs/ch08_compression_breakouts_real_vs_false.yaml,compression_breakouts_real_vs_false_conflict_downgrade_rule,Rule for downgrading when required and optional evidence conflict.,evidence_conflict_rule,instrument_session_timeframe_regime,YES,missing_calibration_parameters: INSUFFICIENT_EVIDENCE; missing_required_input: REFUSE_TO_CLASSIFY; missing_optional_input: DEGRADED_CONFIDENCE,status=calibration_required; unit=evidence_conflict_rule
8: Volatility Regime,ch08_compression_vs_expansion,Compression vs. Expansion,CALIBRATED,spec/detection_specs/ch08_compression_vs_expansion.yaml,compression_overlap_requirement,Overlap/containment criterion for compression.,relative_overlap_measure,instrument_session_timeframe_regime,YES,"missing_calibration_parameters: INSUFFICIENT_EVIDENCE: do not substitute universal range, overlap, or volatility thresholds.; missing_required_input: REFUSE_TO_CLASSIFY",status=calibration_required; unit=relative_overlap_measure
8: Volatility Regime,ch08_compression_vs_expansion,Compression vs. Expansion,CALIBRATED,spec/detection_specs/ch08_compression_vs_expansion.yaml,compression_range_contraction_requirement,Range-contraction criterion for compression.,relative_range_statistic,instrument_session_timeframe_regime,YES,"missing_calibration_parameters: INSUFFICIENT_EVIDENCE: do not substitute universal range, overlap, or volatility thresholds.; missing_required_input: REFUSE_TO_CLASSIFY",status=calibration_required; unit=relative_range_statistic
8: Volatility Regime,ch08_compression_vs_expansion,Compression vs. Expansion,CALIBRATED,spec/detection_specs/ch08_compression_vs_expansion.yaml,expansion_range_requirement,Range-expansion criterion for expansion.,relative_range_statistic,instrument_session_timeframe_regime,YES,"missing_calibration_parameters: INSUFFICIENT_EVIDENCE: do not substitute universal range, overlap, or volatility thresholds.; missing_required_input: REFUSE_TO_CLASSIFY",status=calibration_required; unit=relative_range_statistic
8: Volatility Regime,ch08_compression_vs_expansion,Compression vs. Expansion,CALIBRATED,spec/detection_specs/ch08_compression_vs_expansion.yaml,failed_expansion_return_window,Window for classifying return back into the contained area as failed expansion.,duration_or_bars,instrument_session_timeframe_regime,YES,"missing_calibration_parameters: INSUFFICIENT_EVIDENCE: do not substitute universal range, overlap, or volatility thresholds.; missing_required_input: REFUSE_TO_CLASSIFY",status=calibration_required; unit=duration_or_bars
8: Volatility Regime,ch08_compression_vs_expansion,Compression vs. Expansion,CALIBRATED,spec/detection_specs/ch08_compression_vs_expansion.yaml,realized_volatility_contraction_requirement,Realized-volatility contraction criterion.,relative_volatility_statistic,instrument_session_timeframe_regime,YES,"missing_calibration_parameters: INSUFFICIENT_EVIDENCE: do not substitute universal range, overlap, or volatility thresholds.; missing_required_input: REFUSE_TO_CLASSIFY",status=calibration_required; unit=relative_volatility_statistic
8: Volatility Regime,ch08_compression_vs_expansion,Compression vs. Expansion,CALIBRATED,spec/detection_specs/ch08_compression_vs_expansion.yaml,realized_volatility_expansion_requirement,Realized-volatility expansion criterion.,relative_volatility_statistic,instrument_session_timeframe_regime,YES,"missing_calibration_parameters: INSUFFICIENT_EVIDENCE: do not substitute universal range, overlap, or volatility thresholds.; missing_required_input: REFUSE_TO_CLASSIFY",status=calibration_required; unit=relative_volatility_statistic
8: Volatility Regime,ch08_event_volatility_regime,Event Volatility Regime,JUDGMENT_ASSISTED,spec/detection_specs/ch08_event_volatility_regime.yaml,event_volatility_regime_downgrade_rule,"Rule for downgrading late, conflicted, thin, or unsupported evidence.",confidence_rule,instrument_session_timeframe_regime,REVIEW_REQUIRED,missing_calibration_parameters: INSUFFICIENT_EVIDENCE; missing_required_input: INSUFFICIENT_EVIDENCE; missing_optional_input: DEGRADED_CONFIDENCE,status=review_required; unit=confidence_rule
8: Volatility Regime,ch08_event_volatility_regime,Event Volatility Regime,JUDGMENT_ASSISTED,spec/detection_specs/ch08_event_volatility_regime.yaml,event_volatility_regime_evidence_weighting_protocol,Review protocol for weighing evidence families without pretending the read is deterministic.,human_review_rule,instrument_session_timeframe_regime,REVIEW_REQUIRED,missing_calibration_parameters: INSUFFICIENT_EVIDENCE; missing_required_input: INSUFFICIENT_EVIDENCE; missing_optional_input: DEGRADED_CONFIDENCE,status=review_required; unit=human_review_rule
8: Volatility Regime,ch08_expanded_volatility_no_trade_condition,Expanded-Volatility No-Trade Condition,CALIBRATED,spec/detection_specs/ch08_expanded_volatility_no_trade_condition.yaml,depth_instability_requirement,Calibrated depth condition for environment-quality block.,relative_depth_statistic,instrument_session_timeframe_regime,YES,missing_calibration_parameters: INSUFFICIENT_EVIDENCE; missing_required_input: REFUSE_TO_CLASSIFY; missing_optional_input: DEGRADED_CONFIDENCE,status=calibration_required; unit=relative_depth_statistic
8: Volatility Regime,ch08_expanded_volatility_no_trade_condition,Expanded-Volatility No-Trade Condition,CALIBRATED,spec/detection_specs/ch08_expanded_volatility_no_trade_condition.yaml,realized_volatility_expansion_requirement,Calibrated realized-volatility condition for expanded-volatility block.,relative_volatility_statistic,instrument_session_timeframe_regime,YES,missing_calibration_parameters: INSUFFICIENT_EVIDENCE; missing_required_input: REFUSE_TO_CLASSIFY; missing_optional_input: DEGRADED_CONFIDENCE,status=calibration_required; unit=relative_volatility_statistic
8: Volatility Regime,ch08_expanded_volatility_no_trade_condition,Expanded-Volatility No-Trade Condition,CALIBRATED,spec/detection_specs/ch08_expanded_volatility_no_trade_condition.yaml,snap_back_frequency_requirement,Calibrated failed-break or snap-back frequency for unstable environment context.,event_frequency,instrument_session_timeframe_regime,YES,missing_calibration_parameters: INSUFFICIENT_EVIDENCE; missing_required_input: REFUSE_TO_CLASSIFY; missing_optional_input: DEGRADED_CONFIDENCE,status=calibration_required; unit=event_frequency
8: Volatility Regime,ch08_expanded_volatility_no_trade_condition,Expanded-Volatility No-Trade Condition,CALIBRATED,spec/detection_specs/ch08_expanded_volatility_no_trade_condition.yaml,spread_instability_requirement,Calibrated spread condition for environment-quality block.,relative_spread_statistic,instrument_session_timeframe_regime,YES,missing_calibration_parameters: INSUFFICIENT_EVIDENCE; missing_required_input: REFUSE_TO_CLASSIFY; missing_optional_input: DEGRADED_CONFIDENCE,status=calibration_required; unit=relative_spread_statistic
8: Volatility Regime,ch08_expansion_outcomes_trend_chop_exhaustion,Expansion Outcomes (Trend / Chop / Exhaustion),JUDGMENT_ASSISTED,spec/detection_specs/ch08_expansion_outcomes_trend_chop_exhaustion.yaml,chop_overlap_requirement,Criteria for expansion failing to create clean directional auction travel.,relative_overlap_measure,instrument_session_timeframe_regime,YES,missing_calibration_parameters: INSUFFICIENT_EVIDENCE; missing_required_input: INSUFFICIENT_EVIDENCE; missing_optional_input: DEGRADED_CONFIDENCE,status=calibration_required; unit=relative_overlap_measure
8: Volatility Regime,ch08_expansion_outcomes_trend_chop_exhaustion,Expansion Outcomes (Trend / Chop / Exhaustion),JUDGMENT_ASSISTED,spec/detection_specs/ch08_expansion_outcomes_trend_chop_exhaustion.yaml,exhaustion_effort_result_requirement,Criteria for late effort failing to produce accepted continuation.,relative_effort_result_measure,instrument_session_timeframe_regime,YES,missing_calibration_parameters: INSUFFICIENT_EVIDENCE; missing_required_input: INSUFFICIENT_EVIDENCE; missing_optional_input: DEGRADED_CONFIDENCE,status=calibration_required; unit=relative_effort_result_measure
8: Volatility Regime,ch08_expansion_outcomes_trend_chop_exhaustion,Expansion Outcomes (Trend / Chop / Exhaustion),JUDGMENT_ASSISTED,spec/detection_specs/ch08_expansion_outcomes_trend_chop_exhaustion.yaml,failed_expansion_return_window,Window for return into the prior area after expansion.,duration_or_bars,instrument_session_timeframe_regime,YES,missing_calibration_parameters: INSUFFICIENT_EVIDENCE; missing_required_input: INSUFFICIENT_EVIDENCE; missing_optional_input: DEGRADED_CONFIDENCE,status=calibration_required; unit=duration_or_bars
8: Volatility Regime,ch08_expansion_outcomes_trend_chop_exhaustion,Expansion Outcomes (Trend / Chop / Exhaustion),JUDGMENT_ASSISTED,spec/detection_specs/ch08_expansion_outcomes_trend_chop_exhaustion.yaml,trend_acceptance_requirement,Criteria for expansion holding and building accepted activity.,sequence_rule,instrument_session_timeframe_regime,YES,missing_calibration_parameters: INSUFFICIENT_EVIDENCE; missing_required_input: INSUFFICIENT_EVIDENCE; missing_optional_input: DEGRADED_CONFIDENCE,status=calibration_required; unit=sequence_rule
8: Volatility Regime,ch08_inside_outside_and_narrow_wide_range_days,Inside/Outside & Narrow/Wide Range Days,COMPUTABLE,spec/detection_specs/ch08_inside_outside_and_narrow_wide_range_days.yaml,equality_policy,Defines treatment of equality at prior high/low.,enum,implementation_method,YES,missing_required_input: REFUSE_TO_CLASSIFY,status=configuration_required; unit=enum
8: Volatility Regime,ch08_inside_outside_and_narrow_wide_range_days,Inside/Outside & Narrow/Wide Range Days,COMPUTABLE,spec/detection_specs/ch08_inside_outside_and_narrow_wide_range_days.yaml,narrow_range_requirement,Calibrated condition for labeling a session range narrow.,relative_session_range_statistic,instrument_session_regime,YES,missing_required_input: REFUSE_TO_CLASSIFY,status=calibration_required; unit=relative_session_range_statistic
8: Volatility Regime,ch08_inside_outside_and_narrow_wide_range_days,Inside/Outside & Narrow/Wide Range Days,COMPUTABLE,spec/detection_specs/ch08_inside_outside_and_narrow_wide_range_days.yaml,range_history_lookback,Historical sample used for range-width comparison.,sessions,instrument_session_regime,YES,missing_required_input: REFUSE_TO_CLASSIFY,status=calibration_required; unit=sessions
8: Volatility Regime,ch08_inside_outside_and_narrow_wide_range_days,Inside/Outside & Narrow/Wide Range Days,COMPUTABLE,spec/detection_specs/ch08_inside_outside_and_narrow_wide_range_days.yaml,wide_range_requirement,Calibrated condition for labeling a session range wide.,relative_session_range_statistic,instrument_session_regime,YES,missing_required_input: REFUSE_TO_CLASSIFY,status=calibration_required; unit=relative_session_range_statistic
8: Volatility Regime,ch08_liquidity_driven_and_mechanical_volatility,Liquidity-Driven & Mechanical Volatility,JUDGMENT_ASSISTED,spec/detection_specs/ch08_liquidity_driven_and_mechanical_volatility.yaml,liquidity_driven_and_mechanical_volatility_downgrade_rule,"Rule for downgrading late, conflicted, thin, or unsupported evidence.",confidence_rule,instrument_session_timeframe_regime,REVIEW_REQUIRED,missing_calibration_parameters: INSUFFICIENT_EVIDENCE; missing_required_input: INSUFFICIENT_EVIDENCE; missing_optional_input: DEGRADED_CONFIDENCE,status=review_required; unit=confidence_rule
8: Volatility Regime,ch08_liquidity_driven_and_mechanical_volatility,Liquidity-Driven & Mechanical Volatility,JUDGMENT_ASSISTED,spec/detection_specs/ch08_liquidity_driven_and_mechanical_volatility.yaml,liquidity_driven_and_mechanical_volatility_evidence_weighting_protocol,Review protocol for weighing evidence families without pretending the read is deterministic.,human_review_rule,instrument_session_timeframe_regime,REVIEW_REQUIRED,missing_calibration_parameters: INSUFFICIENT_EVIDENCE; missing_required_input: INSUFFICIENT_EVIDENCE; missing_optional_input: DEGRADED_CONFIDENCE,status=review_required; unit=human_review_rule
8: Volatility Regime,ch08_volatility_crush_and_reset,Volatility Crush & Reset,CALIBRATED,spec/detection_specs/ch08_volatility_crush_and_reset.yaml,post_event_window,Calibrated evaluation window after known event or uncertainty resolution.,duration_or_bars,instrument_session_timeframe_regime,YES,missing_calibration_parameters: INSUFFICIENT_EVIDENCE; missing_required_input: REFUSE_TO_CLASSIFY; missing_optional_input: DEGRADED_CONFIDENCE,status=calibration_required; unit=duration_or_bars
8: Volatility Regime,ch08_volatility_crush_and_reset,Volatility Crush & Reset,CALIBRATED,spec/detection_specs/ch08_volatility_crush_and_reset.yaml,range_normalization_requirement,Calibrated range behavior for reset context.,relative_range_statistic,instrument_session_timeframe_regime,YES,missing_calibration_parameters: INSUFFICIENT_EVIDENCE; missing_required_input: REFUSE_TO_CLASSIFY; missing_optional_input: DEGRADED_CONFIDENCE,status=calibration_required; unit=relative_range_statistic
8: Volatility Regime,ch08_volatility_crush_and_reset,Volatility Crush & Reset,CALIBRATED,spec/detection_specs/ch08_volatility_crush_and_reset.yaml,spread_normalization_requirement,Calibrated spread behavior for clean reset context.,relative_spread_statistic,instrument_session_timeframe_regime,YES,missing_calibration_parameters: INSUFFICIENT_EVIDENCE; missing_required_input: REFUSE_TO_CLASSIFY; missing_optional_input: DEGRADED_CONFIDENCE,status=calibration_required; unit=relative_spread_statistic
8: Volatility Regime,ch08_volatility_crush_and_reset,Volatility Crush & Reset,CALIBRATED,spec/detection_specs/ch08_volatility_crush_and_reset.yaml,volatility_contraction_requirement,Calibrated contraction condition for crush context.,relative_volatility_statistic,instrument_session_timeframe_regime,YES,missing_calibration_parameters: INSUFFICIENT_EVIDENCE; missing_required_input: REFUSE_TO_CLASSIFY; missing_optional_input: DEGRADED_CONFIDENCE,status=calibration_required; unit=relative_volatility_statistic
9: Intermarket Confirmation,ch09_breadth_confirmation_and_divergence,Breadth Confirmation & Divergence,CALIBRATED,spec/detection_specs/ch09_breadth_confirmation_and_divergence.yaml,breadth_confirmation_and_divergence_classification_requirement,Calibrated evidence requirement for Breadth Confirmation & Divergence.,relative_or_sequence_measure,instrument_session_timeframe_regime,YES,missing_calibration_parameters: INSUFFICIENT_EVIDENCE; missing_required_input: REFUSE_TO_CLASSIFY; missing_optional_input: DEGRADED_CONFIDENCE,status=calibration_required; unit=relative_or_sequence_measure
9: Intermarket Confirmation,ch09_breadth_confirmation_and_divergence,Breadth Confirmation & Divergence,CALIBRATED,spec/detection_specs/ch09_breadth_confirmation_and_divergence.yaml,breadth_confirmation_and_divergence_confirmation_window,"Review window for confirmation, failure, downgrade, or refusal behavior.",duration_or_bars,instrument_session_timeframe_regime,YES,missing_calibration_parameters: INSUFFICIENT_EVIDENCE; missing_required_input: REFUSE_TO_CLASSIFY; missing_optional_input: DEGRADED_CONFIDENCE,status=calibration_required; unit=duration_or_bars
9: Intermarket Confirmation,ch09_breadth_confirmation_and_divergence,Breadth Confirmation & Divergence,CALIBRATED,spec/detection_specs/ch09_breadth_confirmation_and_divergence.yaml,breadth_confirmation_and_divergence_conflict_downgrade_rule,Rule for downgrading when required and optional evidence conflict.,evidence_conflict_rule,instrument_session_timeframe_regime,YES,missing_calibration_parameters: INSUFFICIENT_EVIDENCE; missing_required_input: REFUSE_TO_CLASSIFY; missing_optional_input: DEGRADED_CONFIDENCE,status=calibration_required; unit=evidence_conflict_rule
9: Intermarket Confirmation,ch09_crude_fundamentals_inventories_and_cracks,Crude Fundamentals: Inventories & Cracks,JUDGMENT_ASSISTED,spec/detection_specs/ch09_crude_fundamentals_inventories_and_cracks.yaml,crude_fundamentals_inventories_and_cracks_downgrade_rule,"Rule for downgrading late, conflicted, thin, or unsupported evidence.",confidence_rule,instrument_session_timeframe_regime,REVIEW_REQUIRED,missing_calibration_parameters: INSUFFICIENT_EVIDENCE; missing_required_input: INSUFFICIENT_EVIDENCE; missing_optional_input: DEGRADED_CONFIDENCE,status=review_required; unit=confidence_rule
9: Intermarket Confirmation,ch09_crude_fundamentals_inventories_and_cracks,Crude Fundamentals: Inventories & Cracks,JUDGMENT_ASSISTED,spec/detection_specs/ch09_crude_fundamentals_inventories_and_cracks.yaml,crude_fundamentals_inventories_and_cracks_evidence_weighting_protocol,Review protocol for weighing evidence families without pretending the read is deterministic.,human_review_rule,instrument_session_timeframe_regime,REVIEW_REQUIRED,missing_calibration_parameters: INSUFFICIENT_EVIDENCE; missing_required_input: INSUFFICIENT_EVIDENCE; missing_optional_input: DEGRADED_CONFIDENCE,status=review_required; unit=human_review_rule
9: Intermarket Confirmation,ch09_crude_spreads_and_geopolitical_premium,Crude Spreads & Geopolitical Premium,JUDGMENT_ASSISTED,spec/detection_specs/ch09_crude_spreads_and_geopolitical_premium.yaml,crude_spreads_and_geopolitical_premium_downgrade_rule,"Rule for downgrading late, conflicted, thin, or unsupported evidence.",confidence_rule,instrument_session_timeframe_regime,REVIEW_REQUIRED,missing_calibration_parameters: INSUFFICIENT_EVIDENCE; missing_required_input: INSUFFICIENT_EVIDENCE; missing_optional_input: DEGRADED_CONFIDENCE,status=review_required; unit=confidence_rule
9: Intermarket Confirmation,ch09_crude_spreads_and_geopolitical_premium,Crude Spreads & Geopolitical Premium,JUDGMENT_ASSISTED,spec/detection_specs/ch09_crude_spreads_and_geopolitical_premium.yaml,crude_spreads_and_geopolitical_premium_evidence_weighting_protocol,Review protocol for weighing evidence families without pretending the read is deterministic.,human_review_rule,instrument_session_timeframe_regime,REVIEW_REQUIRED,missing_calibration_parameters: INSUFFICIENT_EVIDENCE; missing_required_input: INSUFFICIENT_EVIDENCE; missing_optional_input: DEGRADED_CONFIDENCE,status=review_required; unit=human_review_rule
9: Intermarket Confirmation,ch09_euro_dollar_drivers,Euro/Dollar Drivers,JUDGMENT_ASSISTED,spec/detection_specs/ch09_euro_dollar_drivers.yaml,euro_dollar_drivers_downgrade_rule,"Rule for downgrading late, conflicted, thin, or unsupported evidence.",confidence_rule,instrument_session_timeframe_regime,REVIEW_REQUIRED,missing_calibration_parameters: INSUFFICIENT_EVIDENCE; missing_required_input: INSUFFICIENT_EVIDENCE; missing_optional_input: DEGRADED_CONFIDENCE,status=review_required; unit=confidence_rule
9: Intermarket Confirmation,ch09_euro_dollar_drivers,Euro/Dollar Drivers,JUDGMENT_ASSISTED,spec/detection_specs/ch09_euro_dollar_drivers.yaml,euro_dollar_drivers_evidence_weighting_protocol,Review protocol for weighing evidence families without pretending the read is deterministic.,human_review_rule,instrument_session_timeframe_regime,REVIEW_REQUIRED,missing_calibration_parameters: INSUFFICIENT_EVIDENCE; missing_required_input: INSUFFICIENT_EVIDENCE; missing_optional_input: DEGRADED_CONFIDENCE,status=review_required; unit=human_review_rule
9: Intermarket Confirmation,ch09_euro_event_windows_and_carry,Euro Event Windows & Carry,JUDGMENT_ASSISTED,spec/detection_specs/ch09_euro_event_windows_and_carry.yaml,euro_event_windows_and_carry_downgrade_rule,"Rule for downgrading late, conflicted, thin, or unsupported evidence.",confidence_rule,instrument_session_timeframe_regime,REVIEW_REQUIRED,missing_calibration_parameters: INSUFFICIENT_EVIDENCE; missing_required_input: INSUFFICIENT_EVIDENCE; missing_optional_input: DEGRADED_CONFIDENCE,status=review_required; unit=confidence_rule
9: Intermarket Confirmation,ch09_euro_event_windows_and_carry,Euro Event Windows & Carry,JUDGMENT_ASSISTED,spec/detection_specs/ch09_euro_event_windows_and_carry.yaml,euro_event_windows_and_carry_evidence_weighting_protocol,Review protocol for weighing evidence families without pretending the read is deterministic.,human_review_rule,instrument_session_timeframe_regime,REVIEW_REQUIRED,missing_calibration_parameters: INSUFFICIENT_EVIDENCE; missing_required_input: INSUFFICIENT_EVIDENCE; missing_optional_input: DEGRADED_CONFIDENCE,status=review_required; unit=human_review_rule
9: Intermarket Confirmation,ch09_gold_demand_channels,Gold Demand Channels,JUDGMENT_ASSISTED,spec/detection_specs/ch09_gold_demand_channels.yaml,gold_demand_channels_downgrade_rule,"Rule for downgrading late, conflicted, thin, or unsupported evidence.",confidence_rule,instrument_session_timeframe_regime,REVIEW_REQUIRED,missing_calibration_parameters: INSUFFICIENT_EVIDENCE; missing_required_input: INSUFFICIENT_EVIDENCE; missing_optional_input: DEGRADED_CONFIDENCE,status=review_required; unit=confidence_rule
9: Intermarket Confirmation,ch09_gold_demand_channels,Gold Demand Channels,JUDGMENT_ASSISTED,spec/detection_specs/ch09_gold_demand_channels.yaml,gold_demand_channels_evidence_weighting_protocol,Review protocol for weighing evidence families without pretending the read is deterministic.,human_review_rule,instrument_session_timeframe_regime,REVIEW_REQUIRED,missing_calibration_parameters: INSUFFICIENT_EVIDENCE; missing_required_input: INSUFFICIENT_EVIDENCE; missing_optional_input: DEGRADED_CONFIDENCE,status=review_required; unit=human_review_rule
9: Intermarket Confirmation,ch09_gold_drivers_real_yields_dxy_breakevens,"Gold Drivers: Real Yields, DXY, Breakevens",JUDGMENT_ASSISTED,spec/detection_specs/ch09_gold_drivers_real_yields_dxy_breakevens.yaml,gold_drivers_real_yields_dxy_breakevens_downgrade_rule,"Rule for downgrading late, conflicted, thin, or unsupported evidence.",confidence_rule,instrument_session_timeframe_regime,REVIEW_REQUIRED,missing_calibration_parameters: INSUFFICIENT_EVIDENCE; missing_required_input: INSUFFICIENT_EVIDENCE; missing_optional_input: DEGRADED_CONFIDENCE,status=review_required; unit=confidence_rule
9: Intermarket Confirmation,ch09_gold_drivers_real_yields_dxy_breakevens,"Gold Drivers: Real Yields, DXY, Breakevens",JUDGMENT_ASSISTED,spec/detection_specs/ch09_gold_drivers_real_yields_dxy_breakevens.yaml,gold_drivers_real_yields_dxy_breakevens_evidence_weighting_protocol,Review protocol for weighing evidence families without pretending the read is deterministic.,human_review_rule,instrument_session_timeframe_regime,REVIEW_REQUIRED,missing_calibration_parameters: INSUFFICIENT_EVIDENCE; missing_required_input: INSUFFICIENT_EVIDENCE; missing_optional_input: DEGRADED_CONFIDENCE,status=review_required; unit=human_review_rule
9: Intermarket Confirmation,ch09_intermarket_confirmation_general_principle,Intermarket Confirmation (General Principle),JUDGMENT_ASSISTED,spec/detection_specs/ch09_intermarket_confirmation_general_principle.yaml,intermarket_confirmation_general_principle_downgrade_rule,"Rule for downgrading late, conflicted, thin, or unsupported evidence.",confidence_rule,instrument_session_timeframe_regime,REVIEW_REQUIRED,missing_calibration_parameters: INSUFFICIENT_EVIDENCE; missing_required_input: INSUFFICIENT_EVIDENCE; missing_optional_input: DEGRADED_CONFIDENCE,status=review_required; unit=confidence_rule
9: Intermarket Confirmation,ch09_intermarket_confirmation_general_principle,Intermarket Confirmation (General Principle),JUDGMENT_ASSISTED,spec/detection_specs/ch09_intermarket_confirmation_general_principle.yaml,intermarket_confirmation_general_principle_evidence_weighting_protocol,Review protocol for weighing evidence families without pretending the read is deterministic.,human_review_rule,instrument_session_timeframe_regime,REVIEW_REQUIRED,missing_calibration_parameters: INSUFFICIENT_EVIDENCE; missing_required_input: INSUFFICIENT_EVIDENCE; missing_optional_input: DEGRADED_CONFIDENCE,status=review_required; unit=human_review_rule
9: Intermarket Confirmation,ch09_nq_es_relative_strength_and_index_internals,NQ/ES Relative Strength & Index Internals,JUDGMENT_ASSISTED,spec/detection_specs/ch09_nq_es_relative_strength_and_index_internals.yaml,nq_es_relative_strength_and_index_internals_downgrade_rule,"Rule for downgrading late, conflicted, thin, or unsupported evidence.",confidence_rule,instrument_session_timeframe_regime,REVIEW_REQUIRED,missing_calibration_parameters: INSUFFICIENT_EVIDENCE; missing_required_input: INSUFFICIENT_EVIDENCE; missing_optional_input: DEGRADED_CONFIDENCE,status=review_required; unit=confidence_rule
9: Intermarket Confirmation,ch09_nq_es_relative_strength_and_index_internals,NQ/ES Relative Strength & Index Internals,JUDGMENT_ASSISTED,spec/detection_specs/ch09_nq_es_relative_strength_and_index_internals.yaml,nq_es_relative_strength_and_index_internals_evidence_weighting_protocol,Review protocol for weighing evidence families without pretending the read is deterministic.,human_review_rule,instrument_session_timeframe_regime,REVIEW_REQUIRED,missing_calibration_parameters: INSUFFICIENT_EVIDENCE; missing_required_input: INSUFFICIENT_EVIDENCE; missing_optional_input: DEGRADED_CONFIDENCE,status=review_required; unit=human_review_rule
9: Intermarket Confirmation,ch09_the_yield_curve_and_rate_repricing,The Yield Curve & Rate Repricing,JUDGMENT_ASSISTED,spec/detection_specs/ch09_the_yield_curve_and_rate_repricing.yaml,the_yield_curve_and_rate_repricing_downgrade_rule,"Rule for downgrading late, conflicted, thin, or unsupported evidence.",confidence_rule,instrument_session_timeframe_regime,REVIEW_REQUIRED,missing_calibration_parameters: INSUFFICIENT_EVIDENCE; missing_required_input: INSUFFICIENT_EVIDENCE; missing_optional_input: DEGRADED_CONFIDENCE,status=review_required; unit=confidence_rule
9: Intermarket Confirmation,ch09_the_yield_curve_and_rate_repricing,The Yield Curve & Rate Repricing,JUDGMENT_ASSISTED,spec/detection_specs/ch09_the_yield_curve_and_rate_repricing.yaml,the_yield_curve_and_rate_repricing_evidence_weighting_protocol,Review protocol for weighing evidence families without pretending the read is deterministic.,human_review_rule,instrument_session_timeframe_regime,REVIEW_REQUIRED,missing_calibration_parameters: INSUFFICIENT_EVIDENCE; missing_required_input: INSUFFICIENT_EVIDENCE; missing_optional_input: DEGRADED_CONFIDENCE,status=review_required; unit=human_review_rule
9: Intermarket Confirmation,ch09_treasury_auctions_and_supply,Treasury Auctions & Supply,JUDGMENT_ASSISTED,spec/detection_specs/ch09_treasury_auctions_and_supply.yaml,treasury_auctions_and_supply_downgrade_rule,"Rule for downgrading late, conflicted, thin, or unsupported evidence.",confidence_rule,instrument_session_timeframe_regime,REVIEW_REQUIRED,missing_calibration_parameters: INSUFFICIENT_EVIDENCE; missing_required_input: INSUFFICIENT_EVIDENCE; missing_optional_input: DEGRADED_CONFIDENCE,status=review_required; unit=confidence_rule
9: Intermarket Confirmation,ch09_treasury_auctions_and_supply,Treasury Auctions & Supply,JUDGMENT_ASSISTED,spec/detection_specs/ch09_treasury_auctions_and_supply.yaml,treasury_auctions_and_supply_evidence_weighting_protocol,Review protocol for weighing evidence families without pretending the read is deterministic.,human_review_rule,instrument_session_timeframe_regime,REVIEW_REQUIRED,missing_calibration_parameters: INSUFFICIENT_EVIDENCE; missing_required_input: INSUFFICIENT_EVIDENCE; missing_optional_input: DEGRADED_CONFIDENCE,status=review_required; unit=human_review_rule
9: Intermarket Confirmation,ch09_treasury_cash_futures_and_basis,Treasury Cash/Futures & Basis,JUDGMENT_ASSISTED,spec/detection_specs/ch09_treasury_cash_futures_and_basis.yaml,treasury_cash_futures_and_basis_downgrade_rule,"Rule for downgrading late, conflicted, thin, or unsupported evidence.",confidence_rule,instrument_session_timeframe_regime,REVIEW_REQUIRED,missing_calibration_parameters: INSUFFICIENT_EVIDENCE; missing_required_input: INSUFFICIENT_EVIDENCE; missing_optional_input: DEGRADED_CONFIDENCE,status=review_required; unit=confidence_rule
9: Intermarket Confirmation,ch09_treasury_cash_futures_and_basis,Treasury Cash/Futures & Basis,JUDGMENT_ASSISTED,spec/detection_specs/ch09_treasury_cash_futures_and_basis.yaml,treasury_cash_futures_and_basis_evidence_weighting_protocol,Review protocol for weighing evidence families without pretending the read is deterministic.,human_review_rule,instrument_session_timeframe_regime,REVIEW_REQUIRED,missing_calibration_parameters: INSUFFICIENT_EVIDENCE; missing_required_input: INSUFFICIENT_EVIDENCE; missing_optional_input: DEGRADED_CONFIDENCE,status=review_required; unit=human_review_rule
9: Intermarket Confirmation,ch09_vix_credit_and_cross_asset_risk_tone,"VIX, Credit & Cross-Asset Risk Tone",JUDGMENT_ASSISTED,spec/detection_specs/ch09_vix_credit_and_cross_asset_risk_tone.yaml,vix_credit_and_cross_asset_risk_tone_downgrade_rule,"Rule for downgrading late, conflicted, thin, or unsupported evidence.",confidence_rule,instrument_session_timeframe_regime,REVIEW_REQUIRED,missing_calibration_parameters: INSUFFICIENT_EVIDENCE; missing_required_input: INSUFFICIENT_EVIDENCE; missing_optional_input: DEGRADED_CONFIDENCE,status=review_required; unit=confidence_rule
9: Intermarket Confirmation,ch09_vix_credit_and_cross_asset_risk_tone,"VIX, Credit & Cross-Asset Risk Tone",JUDGMENT_ASSISTED,spec/detection_specs/ch09_vix_credit_and_cross_asset_risk_tone.yaml,vix_credit_and_cross_asset_risk_tone_evidence_weighting_protocol,Review protocol for weighing evidence families without pretending the read is deterministic.,human_review_rule,instrument_session_timeframe_regime,REVIEW_REQUIRED,missing_calibration_parameters: INSUFFICIENT_EVIDENCE; missing_required_input: INSUFFICIENT_EVIDENCE; missing_optional_input: DEGRADED_CONFIDENCE,status=review_required; unit=human_review_rule
10: Catalyst Interpretation,ch10_catalyst_effect_on_thesis,Catalyst Effect on Thesis,JUDGMENT_ASSISTED,spec/detection_specs/ch10_catalyst_effect_on_thesis.yaml,catalyst_effect_on_thesis_downgrade_rule,"Rule for downgrading late, conflicted, thin, or unsupported evidence.",confidence_rule,instrument_session_timeframe_regime,REVIEW_REQUIRED,missing_calibration_parameters: INSUFFICIENT_EVIDENCE; missing_required_input: INSUFFICIENT_EVIDENCE; missing_optional_input: DEGRADED_CONFIDENCE,status=review_required; unit=confidence_rule
10: Catalyst Interpretation,ch10_catalyst_effect_on_thesis,Catalyst Effect on Thesis,JUDGMENT_ASSISTED,spec/detection_specs/ch10_catalyst_effect_on_thesis.yaml,catalyst_effect_on_thesis_evidence_weighting_protocol,Review protocol for weighing evidence families without pretending the read is deterministic.,human_review_rule,instrument_session_timeframe_regime,REVIEW_REQUIRED,missing_calibration_parameters: INSUFFICIENT_EVIDENCE; missing_required_input: INSUFFICIENT_EVIDENCE; missing_optional_input: DEGRADED_CONFIDENCE,status=review_required; unit=human_review_rule
10: Catalyst Interpretation,ch10_narrative_consensus_and_disagreement,Narrative Consensus & Disagreement,JUDGMENT_ASSISTED,spec/detection_specs/ch10_narrative_consensus_and_disagreement.yaml,narrative_consensus_and_disagreement_downgrade_rule,"Rule for downgrading late, conflicted, thin, or unsupported evidence.",confidence_rule,instrument_session_timeframe_regime,REVIEW_REQUIRED,missing_calibration_parameters: INSUFFICIENT_EVIDENCE; missing_required_input: INSUFFICIENT_EVIDENCE; missing_optional_input: DEGRADED_CONFIDENCE,status=review_required; unit=confidence_rule
10: Catalyst Interpretation,ch10_narrative_consensus_and_disagreement,Narrative Consensus & Disagreement,JUDGMENT_ASSISTED,spec/detection_specs/ch10_narrative_consensus_and_disagreement.yaml,narrative_consensus_and_disagreement_evidence_weighting_protocol,Review protocol for weighing evidence families without pretending the read is deterministic.,human_review_rule,instrument_session_timeframe_regime,REVIEW_REQUIRED,missing_calibration_parameters: INSUFFICIENT_EVIDENCE; missing_required_input: INSUFFICIENT_EVIDENCE; missing_optional_input: DEGRADED_CONFIDENCE,status=review_required; unit=human_review_rule
10: Catalyst Interpretation,ch10_new_information_vs_recycled_context,New Information vs. Recycled Context,JUDGMENT_ASSISTED,spec/detection_specs/ch10_new_information_vs_recycled_context.yaml,new_information_vs_recycled_context_downgrade_rule,"Rule for downgrading late, conflicted, thin, or unsupported evidence.",confidence_rule,instrument_session_timeframe_regime,REVIEW_REQUIRED,missing_calibration_parameters: INSUFFICIENT_EVIDENCE; missing_required_input: INSUFFICIENT_EVIDENCE; missing_optional_input: DEGRADED_CONFIDENCE,status=review_required; unit=confidence_rule
10: Catalyst Interpretation,ch10_new_information_vs_recycled_context,New Information vs. Recycled Context,JUDGMENT_ASSISTED,spec/detection_specs/ch10_new_information_vs_recycled_context.yaml,new_information_vs_recycled_context_evidence_weighting_protocol,Review protocol for weighing evidence families without pretending the read is deterministic.,human_review_rule,instrument_session_timeframe_regime,REVIEW_REQUIRED,missing_calibration_parameters: INSUFFICIENT_EVIDENCE; missing_required_input: INSUFFICIENT_EVIDENCE; missing_optional_input: DEGRADED_CONFIDENCE,status=review_required; unit=human_review_rule
10: Catalyst Interpretation,ch10_pricing_in,Pricing-In,JUDGMENT_ASSISTED,spec/detection_specs/ch10_pricing_in.yaml,pricing_in_downgrade_rule,"Rule for downgrading late, conflicted, thin, or unsupported evidence.",confidence_rule,instrument_session_timeframe_regime,REVIEW_REQUIRED,missing_calibration_parameters: INSUFFICIENT_EVIDENCE; missing_required_input: INSUFFICIENT_EVIDENCE; missing_optional_input: DEGRADED_CONFIDENCE,status=review_required; unit=confidence_rule
10: Catalyst Interpretation,ch10_pricing_in,Pricing-In,JUDGMENT_ASSISTED,spec/detection_specs/ch10_pricing_in.yaml,pricing_in_evidence_weighting_protocol,Review protocol for weighing evidence families without pretending the read is deterministic.,human_review_rule,instrument_session_timeframe_regime,REVIEW_REQUIRED,missing_calibration_parameters: INSUFFICIENT_EVIDENCE; missing_required_input: INSUFFICIENT_EVIDENCE; missing_optional_input: DEGRADED_CONFIDENCE,status=review_required; unit=human_review_rule
10: Catalyst Interpretation,ch10_source_quality,Source Quality,JUDGMENT_ASSISTED,spec/detection_specs/ch10_source_quality.yaml,source_quality_downgrade_rule,"Rule for downgrading late, conflicted, thin, or unsupported evidence.",confidence_rule,instrument_session_timeframe_regime,REVIEW_REQUIRED,missing_calibration_parameters: INSUFFICIENT_EVIDENCE; missing_required_input: INSUFFICIENT_EVIDENCE; missing_optional_input: DEGRADED_CONFIDENCE,status=review_required; unit=confidence_rule
10: Catalyst Interpretation,ch10_source_quality,Source Quality,JUDGMENT_ASSISTED,spec/detection_specs/ch10_source_quality.yaml,source_quality_evidence_weighting_protocol,Review protocol for weighing evidence families without pretending the read is deterministic.,human_review_rule,instrument_session_timeframe_regime,REVIEW_REQUIRED,missing_calibration_parameters: INSUFFICIENT_EVIDENCE; missing_required_input: INSUFFICIENT_EVIDENCE; missing_optional_input: DEGRADED_CONFIDENCE,status=review_required; unit=human_review_rule
10: Catalyst Interpretation,ch10_transmission_mechanism_and_order_effects,Transmission Mechanism & Order Effects,JUDGMENT_ASSISTED,spec/detection_specs/ch10_transmission_mechanism_and_order_effects.yaml,transmission_mechanism_and_order_effects_downgrade_rule,"Rule for downgrading late, conflicted, thin, or unsupported evidence.",confidence_rule,instrument_session_timeframe_regime,REVIEW_REQUIRED,missing_calibration_parameters: INSUFFICIENT_EVIDENCE; missing_required_input: INSUFFICIENT_EVIDENCE; missing_optional_input: DEGRADED_CONFIDENCE,status=review_required; unit=confidence_rule
10: Catalyst Interpretation,ch10_transmission_mechanism_and_order_effects,Transmission Mechanism & Order Effects,JUDGMENT_ASSISTED,spec/detection_specs/ch10_transmission_mechanism_and_order_effects.yaml,transmission_mechanism_and_order_effects_evidence_weighting_protocol,Review protocol for weighing evidence families without pretending the read is deterministic.,human_review_rule,instrument_session_timeframe_regime,REVIEW_REQUIRED,missing_calibration_parameters: INSUFFICIENT_EVIDENCE; missing_required_input: INSUFFICIENT_EVIDENCE; missing_optional_input: DEGRADED_CONFIDENCE,status=review_required; unit=human_review_rule
11: Trade-State Management,ch11_active_trade_state_vs_market_thesis_state,Active Trade State vs. Market Thesis State,JUDGMENT_ASSISTED,spec/detection_specs/ch11_active_trade_state_vs_market_thesis_state.yaml,active_trade_state_vs_market_thesis_state_downgrade_rule,"Rule for downgrading late, conflicted, thin, or unsupported evidence.",confidence_rule,instrument_session_timeframe_regime,REVIEW_REQUIRED,missing_calibration_parameters: INSUFFICIENT_EVIDENCE; missing_required_input: INSUFFICIENT_EVIDENCE; missing_optional_input: DEGRADED_CONFIDENCE,status=review_required; unit=confidence_rule
11: Trade-State Management,ch11_active_trade_state_vs_market_thesis_state,Active Trade State vs. Market Thesis State,JUDGMENT_ASSISTED,spec/detection_specs/ch11_active_trade_state_vs_market_thesis_state.yaml,active_trade_state_vs_market_thesis_state_evidence_weighting_protocol,Review protocol for weighing evidence families without pretending the read is deterministic.,human_review_rule,instrument_session_timeframe_regime,REVIEW_REQUIRED,missing_calibration_parameters: INSUFFICIENT_EVIDENCE; missing_required_input: INSUFFICIENT_EVIDENCE; missing_optional_input: DEGRADED_CONFIDENCE,status=review_required; unit=human_review_rule
11: Trade-State Management,ch11_maintenance_conditions,Maintenance Conditions,JUDGMENT_ASSISTED,spec/detection_specs/ch11_maintenance_conditions.yaml,maintenance_conditions_downgrade_rule,"Rule for downgrading late, conflicted, thin, or unsupported evidence.",confidence_rule,instrument_session_timeframe_regime,REVIEW_REQUIRED,missing_calibration_parameters: INSUFFICIENT_EVIDENCE; missing_required_input: INSUFFICIENT_EVIDENCE; missing_optional_input: DEGRADED_CONFIDENCE,status=review_required; unit=confidence_rule
11: Trade-State Management,ch11_maintenance_conditions,Maintenance Conditions,JUDGMENT_ASSISTED,spec/detection_specs/ch11_maintenance_conditions.yaml,maintenance_conditions_evidence_weighting_protocol,Review protocol for weighing evidence families without pretending the read is deterministic.,human_review_rule,instrument_session_timeframe_regime,REVIEW_REQUIRED,missing_calibration_parameters: INSUFFICIENT_EVIDENCE; missing_required_input: INSUFFICIENT_EVIDENCE; missing_optional_input: DEGRADED_CONFIDENCE,status=review_required; unit=human_review_rule
11: Trade-State Management,ch11_review_reduce_stand_aside_state,Review / Reduce / Stand-Aside State,JUDGMENT_ASSISTED,spec/detection_specs/ch11_review_reduce_stand_aside_state.yaml,review_reduce_stand_aside_state_downgrade_rule,"Rule for downgrading late, conflicted, thin, or unsupported evidence.",confidence_rule,instrument_session_timeframe_regime,REVIEW_REQUIRED,missing_calibration_parameters: INSUFFICIENT_EVIDENCE; missing_required_input: INSUFFICIENT_EVIDENCE; missing_optional_input: DEGRADED_CONFIDENCE,status=review_required; unit=confidence_rule
11: Trade-State Management,ch11_review_reduce_stand_aside_state,Review / Reduce / Stand-Aside State,JUDGMENT_ASSISTED,spec/detection_specs/ch11_review_reduce_stand_aside_state.yaml,review_reduce_stand_aside_state_evidence_weighting_protocol,Review protocol for weighing evidence families without pretending the read is deterministic.,human_review_rule,instrument_session_timeframe_regime,REVIEW_REQUIRED,missing_calibration_parameters: INSUFFICIENT_EVIDENCE; missing_required_input: INSUFFICIENT_EVIDENCE; missing_optional_input: DEGRADED_CONFIDENCE,status=review_required; unit=human_review_rule
11: Trade-State Management,ch11_thesis_invalidation,Thesis Invalidation,JUDGMENT_ASSISTED,spec/detection_specs/ch11_thesis_invalidation.yaml,thesis_invalidation_downgrade_rule,"Rule for downgrading late, conflicted, thin, or unsupported evidence.",confidence_rule,instrument_session_timeframe_regime,REVIEW_REQUIRED,missing_calibration_parameters: INSUFFICIENT_EVIDENCE; missing_required_input: INSUFFICIENT_EVIDENCE; missing_optional_input: DEGRADED_CONFIDENCE,status=review_required; unit=confidence_rule
11: Trade-State Management,ch11_thesis_invalidation,Thesis Invalidation,JUDGMENT_ASSISTED,spec/detection_specs/ch11_thesis_invalidation.yaml,thesis_invalidation_evidence_weighting_protocol,Review protocol for weighing evidence families without pretending the read is deterministic.,human_review_rule,instrument_session_timeframe_regime,REVIEW_REQUIRED,missing_calibration_parameters: INSUFFICIENT_EVIDENCE; missing_required_input: INSUFFICIENT_EVIDENCE; missing_optional_input: DEGRADED_CONFIDENCE,status=review_required; unit=human_review_rule
11: Trade-State Management,ch11_thesis_replacement_and_bias_flip,Thesis Replacement & Bias Flip,JUDGMENT_ASSISTED,spec/detection_specs/ch11_thesis_replacement_and_bias_flip.yaml,thesis_replacement_and_bias_flip_downgrade_rule,"Rule for downgrading late, conflicted, thin, or unsupported evidence.",confidence_rule,instrument_session_timeframe_regime,REVIEW_REQUIRED,missing_calibration_parameters: INSUFFICIENT_EVIDENCE; missing_required_input: INSUFFICIENT_EVIDENCE; missing_optional_input: DEGRADED_CONFIDENCE,status=review_required; unit=confidence_rule
11: Trade-State Management,ch11_thesis_replacement_and_bias_flip,Thesis Replacement & Bias Flip,JUDGMENT_ASSISTED,spec/detection_specs/ch11_thesis_replacement_and_bias_flip.yaml,thesis_replacement_and_bias_flip_evidence_weighting_protocol,Review protocol for weighing evidence families without pretending the read is deterministic.,human_review_rule,instrument_session_timeframe_regime,REVIEW_REQUIRED,missing_calibration_parameters: INSUFFICIENT_EVIDENCE; missing_required_input: INSUFFICIENT_EVIDENCE; missing_optional_input: DEGRADED_CONFIDENCE,status=review_required; unit=human_review_rule
11: Trade-State Management,ch11_thesis_staleness_and_expiration,Thesis Staleness & Expiration,JUDGMENT_ASSISTED,spec/detection_specs/ch11_thesis_staleness_and_expiration.yaml,thesis_staleness_and_expiration_downgrade_rule,"Rule for downgrading late, conflicted, thin, or unsupported evidence.",confidence_rule,instrument_session_timeframe_regime,REVIEW_REQUIRED,missing_calibration_parameters: INSUFFICIENT_EVIDENCE; missing_required_input: INSUFFICIENT_EVIDENCE; missing_optional_input: DEGRADED_CONFIDENCE,status=review_required; unit=confidence_rule
11: Trade-State Management,ch11_thesis_staleness_and_expiration,Thesis Staleness & Expiration,JUDGMENT_ASSISTED,spec/detection_specs/ch11_thesis_staleness_and_expiration.yaml,thesis_staleness_and_expiration_evidence_weighting_protocol,Review protocol for weighing evidence families without pretending the read is deterministic.,human_review_rule,instrument_session_timeframe_regime,REVIEW_REQUIRED,missing_calibration_parameters: INSUFFICIENT_EVIDENCE; missing_required_input: INSUFFICIENT_EVIDENCE; missing_optional_input: DEGRADED_CONFIDENCE,status=review_required; unit=human_review_rule
11: Trade-State Management,ch11_thesis_state_lifecycle,Thesis State Lifecycle,JUDGMENT_ASSISTED,spec/detection_specs/ch11_thesis_state_lifecycle.yaml,thesis_state_lifecycle_downgrade_rule,"Rule for downgrading late, conflicted, thin, or unsupported evidence.",confidence_rule,instrument_session_timeframe_regime,REVIEW_REQUIRED,missing_calibration_parameters: INSUFFICIENT_EVIDENCE; missing_required_input: INSUFFICIENT_EVIDENCE; missing_optional_input: DEGRADED_CONFIDENCE,status=review_required; unit=confidence_rule
11: Trade-State Management,ch11_thesis_state_lifecycle,Thesis State Lifecycle,JUDGMENT_ASSISTED,spec/detection_specs/ch11_thesis_state_lifecycle.yaml,thesis_state_lifecycle_evidence_weighting_protocol,Review protocol for weighing evidence families without pretending the read is deterministic.,human_review_rule,instrument_session_timeframe_regime,REVIEW_REQUIRED,missing_calibration_parameters: INSUFFICIENT_EVIDENCE; missing_required_input: INSUFFICIENT_EVIDENCE; missing_optional_input: DEGRADED_CONFIDENCE,status=review_required; unit=human_review_rule
11: Trade-State Management,ch11_thesis_weakening_and_degradation,Thesis Weakening & Degradation,JUDGMENT_ASSISTED,spec/detection_specs/ch11_thesis_weakening_and_degradation.yaml,thesis_weakening_and_degradation_downgrade_rule,"Rule for downgrading late, conflicted, thin, or unsupported evidence.",confidence_rule,instrument_session_timeframe_regime,REVIEW_REQUIRED,missing_calibration_parameters: INSUFFICIENT_EVIDENCE; missing_required_input: INSUFFICIENT_EVIDENCE; missing_optional_input: DEGRADED_CONFIDENCE,status=review_required; unit=confidence_rule
11: Trade-State Management,ch11_thesis_weakening_and_degradation,Thesis Weakening & Degradation,JUDGMENT_ASSISTED,spec/detection_specs/ch11_thesis_weakening_and_degradation.yaml,thesis_weakening_and_degradation_evidence_weighting_protocol,Review protocol for weighing evidence families without pretending the read is deterministic.,human_review_rule,instrument_session_timeframe_regime,REVIEW_REQUIRED,missing_calibration_parameters: INSUFFICIENT_EVIDENCE; missing_required_input: INSUFFICIENT_EVIDENCE; missing_optional_input: DEGRADED_CONFIDENCE,status=review_required; unit=human_review_rule
12: Setup Quality & Action Vocabulary,ch12_alignment_across_dimensions,Alignment Across Dimensions,JUDGMENT_ASSISTED,spec/detection_specs/ch12_alignment_across_dimensions.yaml,alignment_across_dimensions_downgrade_rule,"Rule for downgrading late, conflicted, thin, or unsupported evidence.",confidence_rule,instrument_session_timeframe_regime,REVIEW_REQUIRED,missing_calibration_parameters: INSUFFICIENT_EVIDENCE; missing_required_input: INSUFFICIENT_EVIDENCE; missing_optional_input: DEGRADED_CONFIDENCE,status=review_required; unit=confidence_rule
12: Setup Quality & Action Vocabulary,ch12_alignment_across_dimensions,Alignment Across Dimensions,JUDGMENT_ASSISTED,spec/detection_specs/ch12_alignment_across_dimensions.yaml,alignment_across_dimensions_evidence_weighting_protocol,Review protocol for weighing evidence families without pretending the read is deterministic.,human_review_rule,instrument_session_timeframe_regime,REVIEW_REQUIRED,missing_calibration_parameters: INSUFFICIENT_EVIDENCE; missing_required_input: INSUFFICIENT_EVIDENCE; missing_optional_input: DEGRADED_CONFIDENCE,status=review_required; unit=human_review_rule
12: Setup Quality & Action Vocabulary,ch12_asymmetry_and_practical_r_r,Asymmetry & Practical R:R,JUDGMENT_ASSISTED,spec/detection_specs/ch12_asymmetry_and_practical_r_r.yaml,asymmetry_and_practical_r_r_downgrade_rule,"Rule for downgrading late, conflicted, thin, or unsupported evidence.",confidence_rule,instrument_session_timeframe_regime,REVIEW_REQUIRED,missing_calibration_parameters: INSUFFICIENT_EVIDENCE; missing_required_input: INSUFFICIENT_EVIDENCE; missing_optional_input: DEGRADED_CONFIDENCE,status=review_required; unit=confidence_rule
12: Setup Quality & Action Vocabulary,ch12_asymmetry_and_practical_r_r,Asymmetry & Practical R:R,JUDGMENT_ASSISTED,spec/detection_specs/ch12_asymmetry_and_practical_r_r.yaml,asymmetry_and_practical_r_r_evidence_weighting_protocol,Review protocol for weighing evidence families without pretending the read is deterministic.,human_review_rule,instrument_session_timeframe_regime,REVIEW_REQUIRED,missing_calibration_parameters: INSUFFICIENT_EVIDENCE; missing_required_input: INSUFFICIENT_EVIDENCE; missing_optional_input: DEGRADED_CONFIDENCE,status=review_required; unit=human_review_rule
12: Setup Quality & Action Vocabulary,ch12_execution_environment_quality_and_veto,Execution Environment Quality & Veto,CALIBRATED,spec/detection_specs/ch12_execution_environment_quality_and_veto.yaml,execution_environment_quality_and_veto_classification_requirement,Calibrated evidence requirement for Execution Environment Quality & Veto.,relative_or_sequence_measure,instrument_session_timeframe_regime,YES,missing_calibration_parameters: INSUFFICIENT_EVIDENCE; missing_required_input: REFUSE_TO_CLASSIFY; missing_optional_input: DEGRADED_CONFIDENCE,status=calibration_required; unit=relative_or_sequence_measure
12: Setup Quality & Action Vocabulary,ch12_execution_environment_quality_and_veto,Execution Environment Quality & Veto,CALIBRATED,spec/detection_specs/ch12_execution_environment_quality_and_veto.yaml,execution_environment_quality_and_veto_confirmation_window,"Review window for confirmation, failure, downgrade, or refusal behavior.",duration_or_bars,instrument_session_timeframe_regime,YES,missing_calibration_parameters: INSUFFICIENT_EVIDENCE; missing_required_input: REFUSE_TO_CLASSIFY; missing_optional_input: DEGRADED_CONFIDENCE,status=calibration_required; unit=duration_or_bars
12: Setup Quality & Action Vocabulary,ch12_execution_environment_quality_and_veto,Execution Environment Quality & Veto,CALIBRATED,spec/detection_specs/ch12_execution_environment_quality_and_veto.yaml,execution_environment_quality_and_veto_conflict_downgrade_rule,Rule for downgrading when required and optional evidence conflict.,evidence_conflict_rule,instrument_session_timeframe_regime,YES,missing_calibration_parameters: INSUFFICIENT_EVIDENCE; missing_required_input: REFUSE_TO_CLASSIFY; missing_optional_input: DEGRADED_CONFIDENCE,status=calibration_required; unit=evidence_conflict_rule
12: Setup Quality & Action Vocabulary,ch12_invalidation_and_confirmation_clarity,Invalidation & Confirmation Clarity,JUDGMENT_ASSISTED,spec/detection_specs/ch12_invalidation_and_confirmation_clarity.yaml,invalidation_and_confirmation_clarity_downgrade_rule,"Rule for downgrading late, conflicted, thin, or unsupported evidence.",confidence_rule,instrument_session_timeframe_regime,REVIEW_REQUIRED,missing_calibration_parameters: INSUFFICIENT_EVIDENCE; missing_required_input: INSUFFICIENT_EVIDENCE; missing_optional_input: DEGRADED_CONFIDENCE,status=review_required; unit=confidence_rule
12: Setup Quality & Action Vocabulary,ch12_invalidation_and_confirmation_clarity,Invalidation & Confirmation Clarity,JUDGMENT_ASSISTED,spec/detection_specs/ch12_invalidation_and_confirmation_clarity.yaml,invalidation_and_confirmation_clarity_evidence_weighting_protocol,Review protocol for weighing evidence families without pretending the read is deterministic.,human_review_rule,instrument_session_timeframe_regime,REVIEW_REQUIRED,missing_calibration_parameters: INSUFFICIENT_EVIDENCE; missing_required_input: INSUFFICIENT_EVIDENCE; missing_optional_input: DEGRADED_CONFIDENCE,status=review_required; unit=human_review_rule
12: Setup Quality & Action Vocabulary,ch12_location_quality,Location Quality,JUDGMENT_ASSISTED,spec/detection_specs/ch12_location_quality.yaml,location_quality_downgrade_rule,"Rule for downgrading late, conflicted, thin, or unsupported evidence.",confidence_rule,instrument_session_timeframe_regime,REVIEW_REQUIRED,missing_calibration_parameters: INSUFFICIENT_EVIDENCE; missing_required_input: INSUFFICIENT_EVIDENCE; missing_optional_input: DEGRADED_CONFIDENCE,status=review_required; unit=confidence_rule
12: Setup Quality & Action Vocabulary,ch12_location_quality,Location Quality,JUDGMENT_ASSISTED,spec/detection_specs/ch12_location_quality.yaml,location_quality_evidence_weighting_protocol,Review protocol for weighing evidence families without pretending the read is deterministic.,human_review_rule,instrument_session_timeframe_regime,REVIEW_REQUIRED,missing_calibration_parameters: INSUFFICIENT_EVIDENCE; missing_required_input: INSUFFICIENT_EVIDENCE; missing_optional_input: DEGRADED_CONFIDENCE,status=review_required; unit=human_review_rule
12: Setup Quality & Action Vocabulary,ch12_setup_cleanliness_and_timing,Setup Cleanliness & Timing,JUDGMENT_ASSISTED,spec/detection_specs/ch12_setup_cleanliness_and_timing.yaml,setup_cleanliness_and_timing_downgrade_rule,"Rule for downgrading late, conflicted, thin, or unsupported evidence.",confidence_rule,instrument_session_timeframe_regime,REVIEW_REQUIRED,missing_calibration_parameters: INSUFFICIENT_EVIDENCE; missing_required_input: INSUFFICIENT_EVIDENCE; missing_optional_input: DEGRADED_CONFIDENCE,status=review_required; unit=confidence_rule
12: Setup Quality & Action Vocabulary,ch12_setup_cleanliness_and_timing,Setup Cleanliness & Timing,JUDGMENT_ASSISTED,spec/detection_specs/ch12_setup_cleanliness_and_timing.yaml,setup_cleanliness_and_timing_evidence_weighting_protocol,Review protocol for weighing evidence families without pretending the read is deterministic.,human_review_rule,instrument_session_timeframe_regime,REVIEW_REQUIRED,missing_calibration_parameters: INSUFFICIENT_EVIDENCE; missing_required_input: INSUFFICIENT_EVIDENCE; missing_optional_input: DEGRADED_CONFIDENCE,status=review_required; unit=human_review_rule
12: Setup Quality & Action Vocabulary,ch12_setup_expression_and_no_clean_expression,Setup Expression & No Clean Expression,JUDGMENT_ASSISTED,spec/detection_specs/ch12_setup_expression_and_no_clean_expression.yaml,setup_expression_and_no_clean_expression_downgrade_rule,"Rule for downgrading late, conflicted, thin, or unsupported evidence.",confidence_rule,instrument_session_timeframe_regime,REVIEW_REQUIRED,missing_calibration_parameters: INSUFFICIENT_EVIDENCE; missing_required_input: INSUFFICIENT_EVIDENCE; missing_optional_input: DEGRADED_CONFIDENCE,status=review_required; unit=confidence_rule
12: Setup Quality & Action Vocabulary,ch12_setup_expression_and_no_clean_expression,Setup Expression & No Clean Expression,JUDGMENT_ASSISTED,spec/detection_specs/ch12_setup_expression_and_no_clean_expression.yaml,setup_expression_and_no_clean_expression_evidence_weighting_protocol,Review protocol for weighing evidence families without pretending the read is deterministic.,human_review_rule,instrument_session_timeframe_regime,REVIEW_REQUIRED,missing_calibration_parameters: INSUFFICIENT_EVIDENCE; missing_required_input: INSUFFICIENT_EVIDENCE; missing_optional_input: DEGRADED_CONFIDENCE,status=review_required; unit=human_review_rule
12: Setup Quality & Action Vocabulary,ch12_setup_fragility,Setup Fragility,JUDGMENT_ASSISTED,spec/detection_specs/ch12_setup_fragility.yaml,setup_fragility_downgrade_rule,"Rule for downgrading late, conflicted, thin, or unsupported evidence.",confidence_rule,instrument_session_timeframe_regime,REVIEW_REQUIRED,missing_calibration_parameters: INSUFFICIENT_EVIDENCE; missing_required_input: INSUFFICIENT_EVIDENCE; missing_optional_input: DEGRADED_CONFIDENCE,status=review_required; unit=confidence_rule
12: Setup Quality & Action Vocabulary,ch12_setup_fragility,Setup Fragility,JUDGMENT_ASSISTED,spec/detection_specs/ch12_setup_fragility.yaml,setup_fragility_evidence_weighting_protocol,Review protocol for weighing evidence families without pretending the read is deterministic.,human_review_rule,instrument_session_timeframe_regime,REVIEW_REQUIRED,missing_calibration_parameters: INSUFFICIENT_EVIDENCE; missing_required_input: INSUFFICIENT_EVIDENCE; missing_optional_input: DEGRADED_CONFIDENCE,status=review_required; unit=human_review_rule
